customer_id,first_name,last_name,email,state,city,signup_date,segment,is_active
1,Angel,Hill,donaldgarcia@example.net,CA,New Roberttown,2025-05-27,Regular,True
2,Jesse,Guzman,jennifermiles@example.com,FL,South Bridget,2023-10-07,Regular,True
3,Adam,Shaffer,jpeterson@example.org,NC,Curtisfurt,2025-11-29,Regular,True
4,Melanie,Munoz,blairamanda@example.com,TX,New Kellystad,2023-10-10,Regular,True
5,Janet,Williams,kendragalloway@example.org,MI,South Joshuastad,2025-03-20,Regular,True
6,Michael,Santiago,lynchgeorge@example.net,NC,East Steven,2023-12-22,Regular,True
7,Sara,Watts,gabriellecameron@example.org,IL,Port Antonio,2024-04-17,Premium,True
8,Joseph,Clark,jason76@example.net,NY,Thomasberg,2024-06-06,Premium,True
9,Anna,Baker,zhurst@example.com,NY,East William,2024-03-23,Regular,True
10,Brandon,Rodriguez,laurahenderson@example.org,CA,Jamesmouth,2023-10-04,Regular,True
11,Tasha,Valencia,frazierdanny@example.net,OH,Kaylamouth,2025-01-26,Premium,True
12,Ryan,Chavez,teresa28@example.org,GA,Meaganhaven,2023-10-27,Regular,False
13,Eric,Farmer,georgetracy@example.org,PA,Natashaport,2025-04-23,Regular,True
14,John,Bradley,millertodd@example.org,MI,East Donna,2024-03-15,Premium,True
15,Frederick,Rose,ibrandt@example.net,FL,Lake Larry,2026-04-28,Premium,True
16,Debra,Kim,omartinez@example.org,FL,Andrewside,2026-06-20,Premium,False
17,Jeffrey,Jones,perezrebecca@example.com,FL,New Johnfort,2024-03-04,Premium,True
18,David,Walls,esanchez@example.com,GA,North Collin,2024-02-16,Premium,True
19,Rodney,Owens,nuneztracey@example.org,OH,South Jessicaville,2024-10-11,Regular,True
20,James,West,dwhite@example.org,CA,South Lindseyside,2024-03-25,Premium,True
21,Denise,Fernandez,novaksara@example.org,FL,South Todd,2023-10-12,Regular,True
22,Richard,Brown,ysmith@example.com,NC,Mitchellside,2024-02-16,Regular,True
23,Tommy,Lee,tanyariley@example.net,TX,Lake Leeton,2025-06-20,Regular,True
24,Wesley,Farrell,brianromero@example.org,OH,New Carlosbury,2025-03-27,Regular,True
25,Shelly,Hudson,harveyrobert@example.net,MI,Sarahborough,2024-09-11,Premium,True
26,Leon,Baker,emilyevans@example.com,GA,North Stephenshire,2025-06-29,Regular,False
27,Charles,Lewis,david51@example.org,GA,Justinmouth,2026-06-21,Regular,True
28,Jade,Carr,contrerasangela@example.net,NC,East Josephville,2025-12-25,Regular,True
29,Eric,Campbell,jenniferharris@example.net,PA,Williamview,2025-09-16,Premium,True
30,Meghan,Davis,ccalderon@example.org,FL,Kellieview,2026-03-14,VIP,True
31,Scott,Thornton,rodriguezsierra@example.net,GA,New Barry,2023-12-20,Regular,True
32,Angela,Jordan,parkerrachel@example.org,CA,Jasonbury,2024-08-04,Regular,True
33,Michael,Castro,vdickson@example.org,PA,Port Francisco,2025-06-26,Regular,True
34,Gregory,Gutierrez,jillcook@example.com,MI,West Erik,2025-11-18,VIP,True
35,Patrick,Williams,dwalker@example.com,NC,Loribury,2025-08-02,Premium,True
36,Donna,Ross,michelle45@example.net,CA,Frazierside,2024-02-26,Premium,True
37,Anthony,Wiley,gregory40@example.org,IL,Reedmouth,2024-06-23,Premium,True
38,Tracey,Wilson,jonathanfletcher@example.org,IL,West Ryan,2024-10-16,Regular,True
39,Samantha,Hanson,cortezkevin@example.com,IL,Nguyenport,2026-05-01,VIP,True
40,James,Ortega,lbyrd@example.net,NC,Richardtown,2025-02-23,VIP,False
41,Jason,Floyd,steven73@example.net,IL,Leonburgh,2024-05-24,Premium,True
42,Justin,Beck,clarence34@example.org,FL,East Andrew,2025-06-17,Regular,True
43,Thomas,Atkinson,gibsonolivia@example.net,NC,Lake Heather,2024-03-21,VIP,False
44,John,Douglas,staffordmichelle@example.org,TX,Robinsonhaven,2024-12-19,Regular,True
45,Angela,Lowery,bryantlaurie@example.net,CA,Stephaniemouth,2024-11-16,VIP,False
46,Jennifer,Wagner,vmerritt@example.com,IL,Greenbury,2025-04-27,Regular,True
47,Joshua,Strickland,rsims@example.com,MI,Lake Justinview,2026-01-01,VIP,True
48,Patricia,Miller,jessebenson@example.net,GA,North Robert,2024-06-28,Premium,False
49,Steven,Brown,xprice@example.net,NC,Port Nicoleshire,2024-06-23,Premium,True
50,Adam,Bell,acastaneda@example.net,GA,South Jeffrey,2024-08-16,VIP,True
51,Anthony,Rogers,dramsey@example.org,NC,South Brittanytown,2024-10-16,Premium,True
52,Roy,Camacho,brentgray@example.org,FL,Murphyfurt,2023-09-26,VIP,True
53,Stephanie,Fisher,ruizkaitlyn@example.org,FL,Jeffreyland,2024-04-26,Premium,True
54,Denise,Webster,jamessmith@example.org,OH,East Thomas,2025-10-29,Regular,True
55,Stacie,Marshall,katie29@example.net,CA,Port Loriport,2023-10-30,Regular,True
56,Anthony,Collins,tsanders@example.org,TX,New Hannahbury,2023-10-23,Regular,True
57,Kendra,Jefferson,hoganashlee@example.org,FL,Amandastad,2023-10-16,Regular,True
58,Deborah,Smith,gshort@example.com,TX,Cynthiamouth,2023-09-10,Regular,False
59,Ryan,Gross,christina87@example.com,OH,Petersenshire,2025-08-09,Regular,True
60,Melissa,Rivas,ramirezshannon@example.com,GA,Rogersfort,2024-04-15,Regular,True
61,Hunter,Lewis,matthew94@example.net,MI,New Stacyland,2026-01-13,Regular,True
62,Richard,Peters,hannahbrewer@example.com,GA,Mcguireland,2024-03-17,Premium,True
63,Richard,Sanchez,thomas85@example.com,CA,Michaelmouth,2024-05-14,Premium,True
64,John,Martinez,leslienewton@example.net,PA,East Javier,2024-04-18,Regular,True
65,Jenny,Bray,tina34@example.org,CA,Harrytown,2024-12-08,Regular,True
66,David,Williams,tranheidi@example.org,CA,Garciatown,2025-08-10,Regular,True
67,Taylor,Alexander,tammyking@example.com,GA,Port Cameronfort,2025-03-16,Regular,True
68,Crystal,Brown,lisaavery@example.org,GA,North Angela,2023-09-16,Regular,False
69,Caitlin,Montgomery,chayes@example.com,GA,Torreston,2024-09-24,Premium,False
70,Jody,Meza,colleenbaker@example.org,CA,East Glenn,2025-04-24,Regular,False
71,Aaron,Hayes,ocarter@example.com,TX,Jacquelinemouth,2023-09-17,VIP,False
72,Jesus,Baker,ronaldstephens@example.net,FL,West Margaret,2023-09-12,Regular,True
73,Gabriel,Parker,scott74@example.net,FL,Benderhaven,2023-09-13,Premium,False
74,Samuel,George,mnavarro@example.com,NY,North Jeremyshire,2025-02-07,Regular,False
75,Andrew,Hubbard,barbara27@example.net,IL,Moonburgh,2025-03-30,VIP,True
76,Ryan,Olsen,harrisonricky@example.com,IL,Port Eugenechester,2026-06-22,Regular,False
77,Keith,Landry,gibsonleonard@example.com,NC,Port Richardhaven,2025-07-25,Premium,True
78,Aaron,Booth,mgutierrez@example.net,FL,Cindyfort,2025-12-16,Regular,False
79,Kathleen,Harris,sarakim@example.net,MI,Martinezbury,2025-05-11,Premium,True
80,Lance,Smith,hdavis@example.com,OH,Lake Marilynfort,2025-08-12,Regular,True
81,Kelly,Thornton,edavenport@example.org,NC,Arnoldfurt,2026-04-13,VIP,True
82,Carol,Francis,michellehill@example.com,TX,Sarahhaven,2024-01-21,VIP,True
83,Aaron,Barber,cgrimes@example.net,NY,Reedside,2024-04-14,Regular,True
84,Nicholas,Cantu,tinaallen@example.com,FL,Port Kimberly,2025-10-09,Regular,False
85,Julie,Thornton,qhughes@example.net,MI,South Tammie,2023-08-13,Regular,True
86,Tammy,Rivera,sawyerscott@example.net,MI,Smithberg,2023-11-12,Regular,True
87,Diana,Moore,qharrington@example.com,MI,Santosmouth,2024-09-17,Regular,False
88,Michele,James,courtney78@example.org,FL,East Crystalport,2026-01-15,Premium,True
89,Julie,Hamilton,hodgesjane@example.org,IL,Jacksonport,2026-06-23,Regular,True
90,Brandon,Flynn,michael62@example.org,IL,Knightburgh,2026-03-12,Regular,False
91,Christian,Pitts,tyleraguilar@example.org,CA,Littlemouth,2023-12-30,Regular,True
92,Albert,Ballard,erica21@example.com,MI,Vanessaport,2024-04-01,VIP,True
93,Roger,Wright,james67@example.org,FL,South Ashley,2025-05-26,Regular,True
94,Victoria,Phillips,khill@example.net,OH,New Julieport,2025-03-17,Premium,False
95,Jerry,Pham,danaoliver@example.net,OH,Lake Colton,2025-10-23,Regular,True
96,Benjamin,Kramer,rileyjessica@example.org,NC,Markchester,2025-05-14,Premium,True
97,David,Ryan,alyssa42@example.com,NC,Coffeyport,2024-01-05,Regular,True
98,Matthew,Wilson,taylortammy@example.net,IL,Coffeyside,2025-09-21,VIP,True
99,Krystal,Smith,gibsonemily@example.net,NY,Brendastad,2024-07-31,Regular,False
100,Jesus,Johnson,rose31@example.net,NC,Blankenshipport,2023-10-23,Regular,True
101,Darryl,Williams,torrestravis@example.org,FL,New Derek,2025-06-06,Premium,True
102,Ellen,Paul,umatthews@example.org,IL,Penafort,2024-11-04,Regular,True
103,Sheila,Ramirez,jeff73@example.com,TX,Lake Michaelstad,2025-05-01,Regular,True
104,Joshua,Donaldson,ndavis@example.net,IL,North Kristinbury,2023-09-01,Regular,True
105,Kristin,Harris,brendali@example.org,NY,Kimtown,2026-06-13,Premium,True
106,Tracey,Huerta,lauren10@example.org,GA,West Kristybury,2024-04-25,Regular,True
107,Alfred,Baker,judyfox@example.net,TX,South Shanestad,2025-04-01,Regular,False
108,Daniel,Gordon,acostaregina@example.net,NY,Stephentown,2025-01-08,Regular,True
109,Timothy,Morales,henryrenee@example.org,MI,West Charleneland,2023-09-01,Regular,True
110,Claudia,Richards,oscar98@example.com,TX,Wagnerchester,2023-11-12,Regular,False
111,Jacqueline,Farrell,russellbeasley@example.com,TX,Mariafurt,2023-10-13,Premium,True
112,Cody,Simmons,nicholas27@example.org,FL,Port Christopherchester,2024-09-24,Premium,True
113,Joanne,Cain,willisanna@example.com,NC,South Michaelchester,2023-10-10,Premium,True
114,Jennifer,Schmitt,michael98@example.org,MI,Lake Timothy,2026-02-01,Premium,False
115,Michael,Hawkins,farmeraudrey@example.com,FL,New Sarahview,2026-01-09,Premium,False
116,Joshua,Farmer,michael22@example.net,NY,Jonestown,2023-07-28,Premium,True
117,Alyssa,Bennett,xpeterson@example.com,OH,Kimberlyshire,2023-10-05,Premium,True
118,Nicole,Moore,craigjoseph@example.net,FL,Tuckermouth,2025-04-09,Regular,True
119,Jason,Hunt,russell49@example.com,CA,Brandonfurt,2024-09-22,Regular,True
120,Brian,Harris,katrinaduran@example.com,GA,Davidfort,2026-06-08,Regular,True
121,Gregory,James,vincentwhitaker@example.com,GA,South Michelleton,2025-09-21,Regular,True
122,Steve,Miller,barbara96@example.net,FL,Robertsfurt,2024-10-16,Regular,True
123,Mark,Solis,xcollier@example.org,PA,Richardbury,2023-07-19,Regular,False
124,Richard,Miller,julie35@example.org,IL,New Cynthiahaven,2024-10-16,Regular,True
125,Rebecca,Bailey,joelthomas@example.org,NC,New Eric,2025-01-05,Regular,True
126,Charles,Bean,kmarshall@example.net,IL,Maldonadoshire,2025-10-05,Regular,False
127,Valerie,Morris,edward17@example.com,IL,Laurashire,2025-05-31,Regular,True
128,William,Collins,xjohnson@example.com,OH,Lake Michelleland,2023-08-27,Premium,True
129,William,Ford,colelisa@example.net,MI,West Cassidy,2025-04-30,VIP,True
130,Susan,Hayes,toni18@example.net,MI,North John,2024-12-26,Regular,True
131,Scott,Mills,michaelhardin@example.com,PA,Schroederton,2024-10-18,Regular,False
132,Deborah,Jones,grantpaul@example.com,NC,West Christopher,2025-11-07,Premium,False
133,Sabrina,Collins,tanderson@example.org,FL,Angelicamouth,2025-06-22,Regular,True
134,Elizabeth,Calderon,lucasrodney@example.com,OH,West Kyleborough,2025-12-03,Premium,True
135,Katie,Lee,ericphillips@example.org,CA,Lake Matthewberg,2024-07-05,Premium,True
136,Eric,White,jenniferwilliams@example.com,IL,South Cheryl,2025-04-10,Premium,True
137,Kristen,Young,kylestokes@example.com,IL,West Erika,2025-09-27,Regular,True
138,Scott,Hammond,ashaw@example.org,PA,Port Cassandra,2025-03-12,Premium,False
139,Brett,Castillo,angela18@example.org,MI,Christopherburgh,2026-02-06,Regular,True
140,Rebecca,Hernandez,odavis@example.com,TX,Sarahchester,2024-04-20,Regular,True
141,Wayne,Young,brooksanthony@example.org,MI,Laceyberg,2023-08-24,Premium,True
142,Samantha,Kennedy,katherineharrison@example.net,GA,North Andrewborough,2023-08-07,Regular,True
143,Ana,Acosta,srodriguez@example.org,GA,Davidbury,2025-12-27,Premium,False
144,Laura,Bryant,copelandvincent@example.net,NY,Lake Zacharybury,2024-09-28,Premium,True
145,Kelly,Smith,john62@example.net,MI,New Theresaland,2025-08-21,Regular,True
146,Amy,Hartman,myerstheodore@example.net,FL,Zavalaview,2026-05-05,Premium,True
147,Michael,Jones,jessicafuller@example.net,FL,Dennisstad,2025-09-22,Regular,True
148,Lisa,Thompson,epollard@example.net,GA,Port Dennis,2025-02-13,Premium,True
149,Sherry,Johnson,bradleygonzalez@example.org,GA,Sarahhaven,2025-08-19,Regular,True
150,Lisa,Kennedy,mullinsjames@example.com,FL,Port Dianaview,2024-09-05,Premium,True
151,Micheal,Preston,ykline@example.com,PA,South Heather,2023-11-10,Regular,True
152,Laura,Adams,acostachristian@example.net,TX,New Kelly,2024-08-02,Premium,False
153,Mark,Phillips,bmorrison@example.org,CA,Bellton,2023-10-17,Premium,True
154,Rhonda,Mendez,yhill@example.org,NC,Lake Danastad,2025-08-30,Regular,True
155,Kara,Moore,thomascathy@example.com,CA,East Carlosstad,2025-01-08,Regular,True
156,Stacy,Johnson,erikarush@example.com,NC,Hinesshire,2024-07-27,VIP,True
157,Michael,Edwards,john10@example.net,GA,South April,2023-11-24,Premium,True
158,David,Hampton,nlewis@example.com,NC,Gonzalezberg,2026-03-23,Regular,False
159,Shannon,Roach,zosborn@example.net,GA,Elizabethland,2026-01-15,Premium,True
160,Kelly,Evans,jenniferho@example.net,GA,Port Michael,2025-02-18,Regular,True
161,Tracie,Conner,kristyjohnson@example.net,IL,Tannerside,2024-02-27,Premium,True
162,Nicole,Jones,ukey@example.com,FL,Hammondshire,2023-11-16,Regular,True
163,Teresa,Day,howens@example.com,IL,Port Kimberly,2023-09-15,Regular,True
164,Hunter,Burch,dshaw@example.org,NC,West Fred,2025-05-27,Regular,True
165,Jenna,Reed,meghan43@example.net,PA,Davidport,2024-06-14,Premium,True
166,Clarence,Davidson,georgeweber@example.net,CA,Meganshire,2025-04-29,Regular,True
167,Michelle,Miller,debra96@example.net,GA,South Pamelaside,2023-08-11,Regular,True
168,Sue,Webb,eevans@example.net,PA,East Scottfort,2024-05-09,Regular,True
169,Matthew,Thomas,jessica56@example.org,TX,Zacharyville,2024-11-16,Premium,True
170,Steven,Adams,donaldwilliams@example.com,PA,Wrightburgh,2024-06-10,Regular,False
171,Sarah,Griffith,kathrynjimenez@example.net,IL,Jimenezport,2025-12-03,Premium,False
172,Christopher,Long,nlevy@example.net,PA,Brandonport,2024-12-22,Regular,True
173,Nicole,Pena,amitchell@example.org,MI,Andersonview,2024-12-19,Premium,True
174,Kathryn,Diaz,jwilliams@example.org,IL,Angelaland,2025-08-31,Regular,True
175,Shannon,Pierce,andersoncolin@example.com,OH,Angelastad,2024-08-23,Premium,True
176,James,Hicks,williamsderrick@example.com,NY,Stoneberg,2025-09-30,Premium,False
177,Zachary,Murphy,francisco94@example.net,MI,Williamhaven,2025-04-20,Regular,False
178,Jeanne,Evans,richardsonemily@example.com,MI,Lauratown,2025-01-29,Regular,True
179,Joseph,Rios,jennifersilva@example.org,PA,Hernandezbury,2025-04-10,Regular,True
180,Stacy,Rodriguez,alexanderrobert@example.com,TX,South Warren,2023-07-31,Regular,True
181,Thomas,Charles,thorntonapril@example.net,GA,Whitneyfort,2025-04-26,Regular,True
182,Lee,Thompson,amy49@example.com,PA,East Joshua,2025-01-22,Regular,False
183,Shelly,Hendrix,janet75@example.com,PA,Annview,2024-05-18,Regular,True
184,Ashley,Daniels,xcardenas@example.org,TX,Bobbyland,2024-05-07,Premium,True
185,Scott,Scott,ilewis@example.com,OH,Derrickshire,2024-07-10,Regular,True
186,Brent,Stein,danawilliams@example.com,TX,Jenniferville,2024-03-15,Premium,False
187,Derrick,Oconnell,richarddonovan@example.com,FL,Santosport,2025-07-11,Premium,True
188,Debbie,Velez,pearsonjesse@example.net,FL,East Robertburgh,2024-06-12,Regular,True
189,Benjamin,Huff,vlopez@example.com,MI,North Kennethville,2026-04-14,VIP,True
190,Matthew,Gibson,ismall@example.net,IL,Nelsonville,2026-04-08,Premium,True
191,Jessica,Wong,alexisrogers@example.com,MI,East Cheryl,2024-06-23,VIP,True
192,Richard,Patterson,christopher12@example.org,NY,Morrisbury,2025-05-26,VIP,True
193,Patrick,Griffin,stephanie49@example.net,TX,West Desireebury,2023-07-04,VIP,True
194,David,Parker,tparks@example.com,PA,Lake Sabrinaport,2023-09-03,Regular,True
195,Jeffrey,Bernard,vhernandez@example.net,CA,Robertside,2024-08-02,Regular,True
196,Katherine,Pham,kathleenbecker@example.net,FL,New Seanstad,2026-03-22,Regular,True
197,Anne,Brown,ashleyhernandez@example.com,MI,Wilsonborough,2023-09-20,Premium,True
198,Tracy,Nolan,dstokes@example.org,MI,Bryantton,2025-08-20,Premium,True
199,Emily,Parker,fosterlisa@example.net,PA,New Charles,2025-02-27,Premium,True
200,Isabella,Weaver,michaelcesar@example.com,OH,West Robertberg,2024-10-02,Regular,True
201,Tiffany,Brewer,ybrooks@example.com,GA,Bennettside,2025-10-12,Regular,False
202,Michelle,Wilson,urice@example.org,GA,Port Andrewport,2023-11-19,Premium,True
203,Jennifer,Coleman,pmorrow@example.com,NC,Ericborough,2024-11-14,VIP,True
204,Jessica,Rodriguez,bmendez@example.org,NC,North Craig,2026-04-18,Premium,True
205,Carla,Warner,sanchezbradley@example.com,MI,New Jeff,2023-08-02,Regular,False
206,Brian,Gordon,jim95@example.net,CA,Joelberg,2026-01-27,Regular,True
207,Adriana,Gutierrez,bruce92@example.net,GA,Peterston,2026-06-10,Regular,True
208,Shelly,Powers,heather62@example.com,OH,Whiteside,2026-05-26,Regular,False
209,Melissa,Turner,lindamelendez@example.net,NY,Faulknerside,2024-11-26,Regular,True
210,Paul,Scott,deborah75@example.org,IL,North Joseph,2025-01-27,Regular,False
211,Carrie,Russo,lindamatthews@example.net,IL,South Jason,2025-07-03,Regular,True
212,Kevin,Stout,sharonhayden@example.org,FL,Rochaborough,2026-03-16,Regular,True
213,John,Morris,oscar85@example.com,GA,Michaelfort,2024-09-03,Regular,True
214,Leah,Bowen,robin55@example.com,GA,New Michelleberg,2024-11-18,Premium,True
215,Angela,Silva,mphillips@example.com,TX,South Ashley,2023-07-14,Regular,True
216,Andrea,Harding,jonathan77@example.com,FL,Lake Laura,2024-03-22,Regular,True
217,Jennifer,Freeman,warrenmary@example.org,GA,Port Adamberg,2023-12-29,Regular,True
218,Jesse,Mann,robinsonstephen@example.org,NC,Hopkinstown,2026-01-04,Regular,True
219,Andrea,Smith,amanda40@example.net,IL,Drakeburgh,2023-07-04,Regular,True
220,Cole,Hernandez,christineking@example.com,FL,Lauraland,2023-10-22,Regular,True
221,Richard,Cunningham,kevinclayton@example.org,NY,North Richardfurt,2024-08-08,Regular,True
222,Brian,Smith,christopherbruce@example.net,IL,Arielville,2025-02-21,Premium,False
223,Samantha,Hall,enelson@example.net,NC,Rachelshire,2026-03-02,Regular,False
224,Harry,Jefferson,alibrenda@example.net,FL,Hickmanport,2025-06-16,Regular,True
225,John,Davenport,irhodes@example.com,IL,Camposberg,2023-12-21,Regular,True
226,Hannah,Miller,brian63@example.org,IL,Cassiefurt,2025-11-08,Regular,True
227,Mark,Walters,whenry@example.net,IL,Reynoldsshire,2026-05-22,Premium,True
228,Christopher,Montgomery,jennifermiller@example.org,GA,Dawsonberg,2025-06-19,Regular,True
229,Levi,Rodriguez,hahnsean@example.com,IL,East Christopherchester,2025-09-13,Regular,True
230,Angela,Russell,davisangela@example.net,NY,Michelletown,2024-10-30,VIP,True
231,Paul,Miller,ashleyjackson@example.com,GA,East Joseph,2024-05-11,Regular,True
232,Dustin,Jackson,robert71@example.com,GA,Sherylfort,2024-04-15,Regular,True
233,James,Rodriguez,adam65@example.net,TX,Brockmouth,2025-04-07,Regular,True
234,Ryan,Colon,kevinmorrison@example.net,IL,South Leon,2024-10-21,Regular,True
235,Tanya,Carter,yfaulkner@example.org,NC,Nicholasfurt,2026-05-18,Premium,True
236,Sarah,Gonzalez,erinpierce@example.net,MI,Hahnborough,2024-07-30,Regular,True
237,Kelly,Schwartz,ichambers@example.net,GA,Johnberg,2024-10-19,VIP,True
238,Kristina,Jones,iaguilar@example.net,MI,Stephensstad,2025-08-18,VIP,True
239,Lisa,Wheeler,rodriguezjohn@example.net,MI,Gabrielton,2025-08-03,Regular,False
240,Deanna,Lucas,tammy61@example.org,CA,West Jeffreyhaven,2025-03-04,VIP,True
241,Gwendolyn,Walker,peter98@example.org,FL,Whitneyfort,2025-02-27,Regular,True
242,Robert,Nixon,guerrajessica@example.com,FL,Matthewborough,2023-10-19,Regular,True
243,Michael,Davis,tflores@example.org,TX,North Melindaville,2025-01-17,Regular,True
244,Frank,Riggs,zacharyarnold@example.com,GA,Mullenbury,2025-07-07,Regular,True
245,Crystal,Lopez,vfoster@example.net,IL,South Brittany,2025-11-16,Premium,True
246,Janet,Harris,raylauren@example.net,FL,West Mark,2024-08-25,VIP,True
247,Jose,Huffman,candice96@example.net,MI,West Michaelmouth,2024-11-09,Premium,False
248,Lisa,Mccarthy,samantha91@example.net,PA,West David,2025-05-03,Regular,True
249,Isaac,Steele,ibarnes@example.net,NY,Hendersonfort,2024-05-26,VIP,True
250,Heather,Brewer,angelaburns@example.org,CA,West Megan,2025-05-22,Regular,True
251,Michelle,Crane,ytaylor@example.net,MI,Ortizfort,2025-05-05,Premium,True
252,Mary,Burns,cunninghamlaura@example.org,IL,Antoniobury,2024-09-24,Regular,True
253,Gary,Ellis,hdunn@example.net,IL,West Kimberlystad,2025-02-04,Premium,False
254,Katherine,Wolf,bpayne@example.org,NC,West Nancy,2025-02-09,Regular,True
255,Jose,Atkins,gonzalesvictoria@example.org,MI,Port Joan,2023-08-01,Regular,True
256,Michelle,Bishop,imartin@example.org,OH,Port Brian,2025-07-20,Premium,True
257,Juan,Ryan,tiffany44@example.net,FL,Stephaniehaven,2024-07-15,VIP,True
258,Erin,Davis,rsellers@example.net,MI,Lake Michelle,2026-06-10,Regular,True
259,Jennifer,Poole,kburns@example.net,IL,Courtneyfurt,2024-03-26,Regular,True
260,Cynthia,Beard,powellkara@example.net,NY,Shawnfort,2024-11-02,Regular,True
261,Aaron,Schroeder,simonstephen@example.net,IL,Melissaside,2024-06-19,Regular,True
262,Tammy,Summers,sadams@example.com,GA,New Melissa,2024-09-04,VIP,True
263,Patricia,Farmer,garciakristen@example.com,PA,North Sarahburgh,2025-11-06,Regular,True
264,Aaron,Rubio,wendyblankenship@example.net,NY,Erikview,2024-10-22,Regular,True
265,Michael,Miller,brettgarrett@example.net,IL,South Diana,2023-10-07,Premium,True
266,Aaron,Woods,brittneystone@example.com,NC,North Heatherville,2025-08-05,Regular,True
267,Robert,Anderson,perezchristopher@example.org,IL,West Michaelport,2026-06-13,Regular,False
268,Kiara,Mullins,darlenebyrd@example.org,PA,New Debramouth,2023-11-24,Premium,True
269,Jason,Goodman,cjensen@example.org,TX,North Donaldville,2024-07-15,Premium,True
270,Patrick,Richmond,kylie34@example.net,PA,East Angelaport,2025-04-02,Regular,True
271,Hannah,Abbott,jamie98@example.org,MI,Phillipston,2025-10-26,Premium,True
272,Laura,Allen,frodriguez@example.net,TX,New Pamelatown,2025-11-01,Regular,True
273,Sarah,Anderson,rdiaz@example.org,IL,Bestland,2026-06-11,Regular,True
274,Carlos,Baker,livingstonstacy@example.com,CA,Courtneyhaven,2023-07-15,Regular,True
275,Rodney,Morales,joshuacollins@example.net,FL,Port Eric,2025-10-13,Premium,True
276,Brenda,Hines,collinssamuel@example.org,TX,East Christopherchester,2024-06-18,Regular,True
277,Cheryl,Brown,davidzimmerman@example.net,CA,East Tylerstad,2023-11-01,Regular,True
278,Krista,Le,nathanbrady@example.com,NY,Port Rachelmouth,2025-01-19,Regular,True
279,Joseph,Brown,crawfordwilliam@example.org,NC,Villarrealburgh,2025-11-26,Premium,True
280,Jonathan,Garcia,perezwilliam@example.org,GA,East Brandonstad,2024-08-02,VIP,True
281,Edward,Velazquez,tranrobin@example.net,NC,Walkerbury,2024-08-19,Regular,True
282,Jennifer,Nelson,duncandavid@example.net,MI,East Jeffreyhaven,2024-09-24,Regular,False
283,Stephanie,Jones,xcline@example.com,CA,Christophermouth,2026-06-05,Regular,True
284,James,Elliott,jodi37@example.com,PA,Cuevasborough,2023-07-05,Regular,True
285,Amy,Flynn,adamortiz@example.org,IL,Cynthiatown,2025-09-06,Premium,True
286,Aaron,Sandoval,dalton83@example.com,IL,Woodwardberg,2026-05-03,Premium,True
287,Christopher,Morse,xhaynes@example.com,GA,New Codyberg,2025-08-14,Premium,True
288,Preston,Vargas,grahamtamara@example.org,GA,Josemouth,2025-05-24,Regular,True
289,Phillip,Decker,louis43@example.org,NC,East Kimberly,2026-04-06,Regular,False
290,Eric,Martin,hedwards@example.net,FL,Tamiborough,2025-03-28,VIP,True
291,Steven,Phelps,mooregina@example.net,PA,East Marymouth,2024-11-02,Regular,True
292,Jennifer,Schmitt,rpalmer@example.com,TX,Loriburgh,2023-12-06,Regular,True
293,Richard,Chavez,codygarcia@example.org,PA,North Bryanbury,2023-07-31,Regular,True
294,Madison,Watson,aguilarjonathan@example.org,NY,North Jamesmouth,2023-11-17,Regular,True
295,Christopher,Boone,david70@example.org,NC,Underwoodfurt,2025-11-29,VIP,True
296,Patrick,Simmons,jason24@example.com,CA,Stephensonton,2024-12-21,Premium,True
297,Christina,Holland,jjenkins@example.com,NC,North Joshuaberg,2025-04-29,VIP,True
298,Dawn,Robles,crystalpham@example.org,NY,Caseystad,2024-09-28,Regular,True
299,Kimberly,Cooper,paul20@example.com,NY,North Paula,2024-12-03,Regular,True
300,Brian,Frey,katie32@example.org,IL,Lake John,2025-10-26,Regular,True
301,Kylie,Mclaughlin,barbaramcgrath@example.com,CA,Savannahburgh,2025-01-31,Premium,False
302,Brittany,Drake,robin05@example.net,NC,New Stacy,2024-01-05,Regular,True
303,Lisa,Waller,gregory01@example.org,GA,New Jeffery,2025-12-29,Premium,True
304,Aaron,Hardin,lindsaypeterson@example.org,CA,Brianberg,2025-01-23,Regular,True
305,Samantha,Schroeder,susan56@example.net,IL,West Kevinberg,2025-03-30,VIP,True
306,Jessica,Kim,lbanks@example.net,PA,Jeffreyshire,2026-05-30,VIP,True
307,Nicholas,Gross,david09@example.com,CA,East Carriebury,2025-12-04,Regular,True
308,Dalton,Crawford,julie35@example.com,TX,Lake Nicole,2025-05-27,Regular,True
309,Jenna,Fowler,sean43@example.org,IL,West Jonathanville,2023-10-02,Regular,True
310,Brandon,Kim,acosta@example.com,FL,Bellfurt,2025-08-23,Regular,True
311,Timothy,Shields,franciscojones@example.org,NY,Andrewview,2023-10-16,Regular,True
312,Charles,Jackson,emartin@example.net,PA,West Brookefort,2026-05-04,Premium,True
313,Ryan,Valdez,gmoore@example.com,MI,East Robert,2025-08-06,Regular,True
314,Sara,Fernandez,kenneth10@example.com,IL,Hernandezstad,2025-02-22,Regular,True
315,Christopher,Colon,bgonzalez@example.org,GA,Lake Kelly,2023-07-01,VIP,True
316,Megan,Parker,qruiz@example.com,NY,Lake Amyburgh,2023-09-24,Regular,False
317,Patrick,Lopez,bakersteven@example.org,MI,Anneberg,2024-08-06,Regular,False
318,Elizabeth,Miller,lindsey69@example.org,IL,Port Paulhaven,2025-09-27,Regular,True
319,Amanda,Camacho,parmstrong@example.com,PA,Christianton,2024-09-27,Premium,True
320,Rachel,Mcbride,davidtodd@example.org,PA,East Lindsey,2024-12-27,Regular,True
321,Rodney,Mcneil,oharris@example.org,IL,Luisland,2023-11-12,Regular,True
322,Angela,Arnold,april09@example.net,PA,Rodriguezberg,2023-09-30,Regular,True
323,Brianna,Chang,buckleyanna@example.org,TX,Mikaylastad,2023-12-06,VIP,True
324,Joseph,Pena,rjohnson@example.com,IL,New Charlotte,2026-02-12,Premium,True
325,Benjamin,Preston,hannah07@example.com,OH,Andrewport,2025-07-25,Regular,True
326,Megan,Garrison,comptonjeremy@example.com,IL,Schroedermouth,2024-06-01,Premium,True
327,Robert,Brewer,scottmcintyre@example.com,NY,Malonestad,2024-04-17,Premium,False
328,Zachary,Moore,jenna62@example.net,TX,East Jamesborough,2025-12-12,Regular,True
329,John,Bryant,janet45@example.com,MI,Reidville,2025-12-29,Regular,True
330,John,Burns,ethompson@example.net,IL,Maxview,2025-07-11,Regular,True
331,Haley,Mitchell,kwilliams@example.org,FL,Lake Jeffrey,2025-09-24,Regular,True
332,Denise,Palmer,wellsdavid@example.org,OH,East Johnnyport,2024-02-08,Regular,False
333,Jenna,Hill,dyork@example.com,NY,South Kevin,2025-08-15,Regular,True
334,Cindy,Silva,hunteileen@example.com,GA,Kennethville,2025-01-17,VIP,True
335,Matthew,Hill,michelle44@example.org,OH,New Kathy,2024-12-05,Premium,True
336,Linda,Lang,rguerrero@example.org,CA,Lake Tylerport,2026-03-08,Regular,False
337,Robert,Price,aguilarwanda@example.org,PA,Jessicabury,2024-04-06,VIP,True
338,Danielle,Alvarez,william28@example.org,OH,Connorberg,2025-07-17,Regular,True
339,Jessica,Hansen,staceylam@example.net,IL,East Michaelport,2025-09-15,Regular,True
340,Olivia,Watson,steven17@example.org,IL,South Pamelahaven,2024-09-29,Regular,True
341,Erin,Moreno,jbrown@example.org,OH,West Robert,2023-11-05,Regular,True
342,Rebecca,Ellis,michelle21@example.com,TX,Crystalburgh,2025-03-11,Premium,False
343,Brian,Hayes,kathleenjackson@example.org,OH,Gloverland,2024-06-04,VIP,True
344,Ryan,Jordan,ysanford@example.org,CA,New Jamesstad,2023-11-15,Premium,True
345,Patricia,Sherman,andrewsmith@example.net,IL,East Heather,2026-05-02,Premium,True
346,David,Reyes,gary04@example.com,TX,Lunahaven,2024-07-08,VIP,True
347,Pamela,Cowan,wendy75@example.org,GA,Port Richard,2024-06-30,Regular,True
348,Jessica,Anderson,lawrencegary@example.com,NC,South Nancyview,2024-03-03,Regular,True
349,Cindy,Wheeler,stanleydesiree@example.org,NC,Lake Darrellmouth,2025-10-18,Regular,True
350,Amy,Wells,jamiejennings@example.org,NY,Robertville,2024-08-16,Premium,True
351,Joseph,Obrien,robertroach@example.net,GA,West Danielville,2025-06-21,Premium,False
352,Chelsea,Strickland,michaelortiz@example.org,IL,New Tylerborough,2024-12-23,Regular,True
353,Timothy,Young,powersrebecca@example.net,GA,Hernandezland,2025-07-19,Regular,True
354,Charles,Cummings,dawn74@example.com,OH,Williamsburgh,2025-10-27,Regular,True
355,Melissa,Ward,ronald11@example.org,NC,Port Devonburgh,2026-02-08,VIP,True
356,Patricia,Friedman,natalie15@example.com,TX,North Richard,2024-06-20,Regular,True
357,Joseph,Cruz,pmarsh@example.org,CA,East Heatherton,2026-05-15,VIP,True
358,Megan,Garcia,rpham@example.com,CA,New Noah,2026-06-05,Premium,True
359,Anthony,Cohen,timothyfreeman@example.com,MI,Williamsview,2024-07-23,VIP,True
360,Alexander,Oneill,tiffanysantiago@example.com,OH,South Dorothybury,2025-06-13,Regular,True
361,Elizabeth,Davidson,marygrant@example.net,MI,North Dawnburgh,2024-12-05,Regular,True
362,Taylor,Simpson,charlesvasquez@example.org,NC,Taraton,2024-12-31,Regular,True
363,Andrea,Gray,christianwallace@example.net,FL,Millerfort,2025-01-02,Regular,True
364,David,Jimenez,garciarobert@example.net,MI,Port Christopherport,2024-10-28,Regular,False
365,Anna,Pena,xclements@example.org,NY,Port Shawn,2026-02-25,VIP,True
366,Christine,Kennedy,jennifer11@example.net,NY,North Matthew,2025-03-01,Regular,False
367,Tamara,Carter,jacqueline02@example.com,NY,Port Jennifer,2025-12-21,Regular,True
368,Daniel,Carr,davidphelps@example.org,FL,Summersborough,2025-08-25,Regular,True
369,Daniel,Perry,bartonshannon@example.net,IL,South Adam,2025-08-19,Regular,True
370,Angela,Reynolds,xglass@example.org,NC,Lake Lisa,2025-09-10,Regular,True
371,Diane,Obrien,william66@example.net,GA,West Raymond,2023-10-18,Premium,True
372,Kelly,Ballard,robertgraves@example.net,CA,Meganside,2024-07-06,Regular,True
373,Jennifer,Walls,jamesweber@example.com,MI,Samanthaberg,2026-01-24,Regular,True
374,Debra,Mullen,jennifer58@example.com,NC,Craigside,2026-06-05,Regular,True
375,Melanie,Stokes,johnsondustin@example.net,TX,East Josephburgh,2024-05-05,Regular,True
376,Frances,Thomas,vaughnkenneth@example.net,PA,West Lisaville,2026-06-07,Regular,True
377,Emma,Hoffman,juliahoffman@example.org,GA,Heatherton,2025-05-01,Regular,True
378,Paul,Frye,tammy00@example.net,MI,Jamesmouth,2026-04-06,Regular,True
379,Rhonda,Bush,kari89@example.org,MI,West Shane,2025-12-21,Premium,True
380,Charles,Rivers,bennettroy@example.net,OH,Davidshire,2026-06-07,Regular,True
381,Adam,Owens,billmcfarland@example.net,IL,Port Sarahport,2026-01-08,Regular,True
382,Ashley,Howard,alicia28@example.org,CA,South Amy,2024-12-15,Premium,True
383,Michael,Ware,mark43@example.net,NC,Barajastown,2024-09-10,Premium,True
384,Michael,Allen,susanfleming@example.com,GA,Moonville,2023-10-30,Premium,True
385,Amber,Campbell,willie87@example.com,GA,West Rachelborough,2024-08-22,Regular,True
386,Christopher,Davis,simsjason@example.net,OH,Port Gina,2024-06-11,Regular,True
387,Jamie,Poole,elucas@example.net,OH,North Stephen,2025-12-28,VIP,True
388,Christopher,Brown,angela93@example.com,GA,Hughesfurt,2024-06-24,Regular,True
389,Andre,Nunez,maychristine@example.net,CA,Lake Melaniestad,2024-10-13,Regular,True
390,Daniel,Buchanan,catherine47@example.com,OH,Shorttown,2026-04-08,Premium,True
391,Amanda,Taylor,irobles@example.com,MI,West Erica,2024-11-27,VIP,True
392,Laura,Daniel,susan08@example.net,CA,North Bobby,2026-03-24,Regular,False
393,Phillip,Kelley,torreskaitlin@example.net,PA,Jasonhaven,2025-03-15,Premium,True
394,Jack,Jensen,james29@example.org,IL,Newmanland,2023-11-29,Premium,True
395,Carlos,Garcia,wlynn@example.org,MI,North Justin,2024-05-10,Regular,True
396,James,Tucker,christina49@example.org,GA,Lindseychester,2023-09-11,Regular,True
397,Lawrence,Floyd,xhill@example.org,NC,Nataliemouth,2023-12-28,Regular,True
398,Kim,Tucker,thompsoncatherine@example.com,MI,New James,2024-10-26,Regular,True
399,Courtney,Luna,atkinsoncrystal@example.net,NC,Hammondborough,2025-09-07,VIP,True
400,Andrea,Stephens,jvaldez@example.com,MI,Walkershire,2026-03-15,Premium,True
401,Kelly,Marshall,sanderswayne@example.net,MI,Port Tamara,2025-09-06,VIP,True
402,Gabrielle,Todd,seanwhite@example.net,IL,Lake Jessica,2026-06-06,Regular,True
403,Billy,Juarez,bryanwood@example.org,IL,New Rebecca,2026-04-20,VIP,True
404,Terry,Gibson,williamsdeborah@example.org,NY,Maryview,2024-07-26,Premium,True
405,Ashley,Bennett,pdiaz@example.org,PA,Nicholasbury,2025-03-21,Regular,True
406,Michael,Parrish,msparks@example.org,TX,South Gabriel,2025-01-12,Regular,True
407,Dawn,Lewis,ericguzman@example.org,PA,South Lisa,2023-09-19,Regular,True
408,Timothy,Mendoza,brittanyholland@example.com,OH,East Bradleyshire,2025-08-23,Regular,True
409,Dennis,Hunt,brianscott@example.org,MI,Greeneshire,2025-04-05,Regular,False
410,Natalie,Luna,stacey37@example.net,NY,Dillonburgh,2025-05-25,Regular,True
411,Robert,Thomas,cindydixon@example.org,CA,Sandrashire,2024-02-22,Regular,True
412,Nicholas,Anderson,harrismichele@example.net,GA,Serranoville,2023-09-10,Premium,True
413,Rachel,Greene,davisdonna@example.net,FL,Port Erikachester,2024-01-07,Premium,True
414,Mitchell,Williams,zperez@example.com,PA,Bellshire,2025-01-18,Regular,True
415,Dennis,Woods,reneemiller@example.net,MI,Scotttown,2023-10-12,Regular,True
416,Kristine,Lane,meyernicholas@example.org,TX,Robertville,2025-08-11,Regular,False
417,Denise,King,ncunningham@example.com,TX,Fischerchester,2023-12-13,Regular,True
418,Angela,White,tking@example.net,FL,Kimfurt,2025-02-20,Premium,True
419,Melissa,Hopkins,seanlyons@example.org,IL,East Williammouth,2025-09-09,Regular,True
420,Christina,Cohen,martintamara@example.org,PA,Port Dustinchester,2025-11-19,Regular,True
421,Jose,Wood,ramseysarah@example.com,FL,Jenniferton,2023-10-01,Regular,True
422,Lori,Bowman,qsmith@example.net,OH,Jameshaven,2026-04-27,Regular,False
423,Jesse,Jackson,warddiana@example.org,TX,West Kimberlystad,2025-01-11,Regular,True
424,Richard,Gonzalez,mclaughlincasey@example.org,CA,Jessicaside,2025-06-29,Premium,True
425,Michael,Richmond,jeremy37@example.com,MI,West Gregoryhaven,2026-03-24,Regular,True
426,Charles,Phillips,prattsue@example.net,IL,Heatherfurt,2023-10-21,Regular,True
427,Kayla,Todd,lmaldonado@example.org,OH,Wilsonland,2025-03-04,Regular,False
428,Kristina,Robinson,laurengutierrez@example.com,GA,Lake Marilynbury,2024-08-19,Premium,False
429,Raymond,Goodman,charles27@example.com,CA,Jefferyshire,2024-05-06,Regular,True
430,Stacey,Vega,victorgonzalez@example.net,PA,Port Joseph,2024-04-16,Regular,True
431,Mary,Huff,eric11@example.org,PA,Austinside,2024-03-03,Premium,True
432,Melanie,Watson,travis94@example.com,FL,Port Sabrina,2026-05-11,Regular,True
433,Jeffrey,Ray,foxrodney@example.net,NC,New Michaelburgh,2024-04-28,Premium,True
434,David,Holmes,hannah03@example.com,FL,West Michaelview,2024-11-08,VIP,True
435,Jose,Adams,michael76@example.org,NY,Haynesstad,2024-01-17,Regular,True
436,Richard,Hayes,tiffanyparks@example.org,FL,Lindaside,2024-07-30,Regular,True
437,Oscar,Thomas,thomassmith@example.com,CA,Taylorhaven,2024-10-12,Regular,True
438,Leslie,Tucker,anna90@example.com,GA,Lake Frankborough,2025-01-31,Regular,True
439,Thomas,Soto,qgarner@example.com,MI,Annview,2025-12-04,Regular,False
440,Robert,Bell,barbarasantos@example.net,MI,Port Justin,2024-07-07,Premium,False
441,William,Hampton,ypreston@example.net,OH,Stevenberg,2024-06-16,Premium,True
442,Danielle,Mcfarland,kwelch@example.com,NY,North Fernandobury,2026-02-01,Regular,True
443,Denise,Page,cnelson@example.com,IL,Gutierrezburgh,2024-06-04,Premium,True
444,David,Young,shelby13@example.org,OH,Garcialand,2026-01-17,Regular,True
445,Thomas,Brown,fwarren@example.org,GA,Christineland,2026-04-17,Regular,True
446,Nicole,Parker,joanramos@example.org,IL,New Mary,2025-06-13,Regular,False
447,Elizabeth,Dalton,michelle78@example.com,CA,Taylorside,2023-07-28,Premium,True
448,Carla,Welch,omills@example.net,GA,Reginafort,2024-01-06,Regular,False
449,Linda,Ramos,robert24@example.org,TX,New Lisaberg,2025-02-06,Regular,True
450,Taylor,Smith,earroyo@example.com,FL,Port Russellport,2024-07-07,Regular,True
451,Laura,Kelley,robertcastro@example.com,NY,East Jennifer,2025-04-10,VIP,True
452,Maria,Walker,hendersonjohn@example.net,OH,Justinside,2025-06-03,VIP,True
453,Robert,Castaneda,derrickrodriguez@example.com,NY,Nelsonfort,2025-11-28,Regular,True
454,Andrew,Williams,lopezcurtis@example.com,GA,Lake Samuel,2024-01-18,Regular,True
455,Christopher,Smith,matthewcollins@example.com,OH,Steventon,2023-07-05,Regular,True
456,Megan,Lynn,adamsphilip@example.net,PA,Whiteview,2024-06-22,Premium,True
457,Maria,Martinez,paulproctor@example.org,TX,East Stevenville,2025-12-07,Premium,True
458,Tina,Kennedy,sharon20@example.net,CA,West Timothyport,2025-01-17,Regular,True
459,Paige,Boyer,teresayoung@example.com,PA,Alexisview,2024-01-30,Regular,True
460,Randy,Sanchez,perkinshannah@example.net,MI,West Kelli,2025-03-28,Premium,True
461,Vincent,Parks,sarah00@example.com,MI,Lake Amanda,2024-03-25,Premium,False
462,Tony,Stewart,linda73@example.org,IL,Howardberg,2023-10-22,VIP,True
463,Benjamin,Mann,amy73@example.net,PA,New Michael,2024-03-27,Regular,True
464,Joshua,Guerra,caseymoore@example.com,CA,Ambermouth,2025-09-05,Regular,True
465,Dana,Gray,nicoleharvey@example.com,OH,West Jennifer,2023-06-27,Premium,True
466,Amber,Hughes,jcannon@example.net,NC,Marcusmouth,2025-06-16,Regular,True
467,Alexandra,Jones,gregoryjohnson@example.org,NC,Leeton,2023-10-25,Regular,True
468,Mary,Barrett,brandon39@example.net,NY,North Sarahborough,2025-03-13,VIP,True
469,Sarah,Collier,dowen@example.com,GA,Shortton,2025-06-14,Regular,False
470,Joseph,Williams,davenportchristian@example.org,NY,North Jessicaside,2025-12-14,Regular,True
471,James,Sandoval,angelagrant@example.net,CA,Port Daniellestad,2024-08-21,Regular,True
472,Jacqueline,Simmons,jacksonhenry@example.com,NC,Dianeside,2025-07-04,Regular,True
473,Scott,Gomez,andrea55@example.com,MI,Mckenziemouth,2026-06-24,Regular,True
474,Anna,Lewis,michael77@example.com,NY,Lake Austinport,2025-04-23,Regular,True
475,Zachary,Holder,adam33@example.com,MI,Port Lynnview,2025-04-09,Premium,True
476,William,Duncan,clintonstevens@example.org,GA,West Michael,2026-03-29,Regular,True
477,Jesse,Shepherd,duncanashley@example.org,FL,Lake Markfort,2025-03-25,VIP,True
478,Margaret,Norris,larsonkevin@example.net,GA,Millerton,2024-01-02,Regular,True
479,Matthew,Hobbs,hbutler@example.org,GA,Lake Kimberlyfurt,2026-04-01,VIP,True
480,Alice,Flores,markwolfe@example.org,MI,Lake Jessicafurt,2023-08-25,VIP,True
481,Karen,Johnston,walkerkeith@example.com,IL,East Matthew,2026-05-25,Premium,True
482,Julie,Kelley,christopher86@example.net,PA,Port Dennis,2024-11-29,VIP,True
483,Tony,Pearson,annshea@example.net,MI,East Charles,2025-02-28,Regular,True
484,Marcus,Glass,rodriguezrobert@example.com,GA,Jamesstad,2025-10-24,Premium,True
485,Andrew,Torres,christina79@example.org,CA,Williamsbury,2025-04-07,Premium,True
486,Nathaniel,Todd,rodriguezbrian@example.net,CA,Port Marissa,2024-01-31,Regular,True
487,Matthew,Brock,shannon05@example.org,IL,East Amy,2024-05-07,Regular,True
488,Ana,Dean,heatherbarnett@example.com,PA,West Georgeport,2025-09-25,Regular,False
489,Heather,Nelson,apena@example.org,GA,Guerrerostad,2024-02-01,Premium,False
490,Andrew,Dillon,yhall@example.net,PA,West Toddside,2026-01-28,Regular,True
491,James,Rasmussen,williamssandra@example.com,FL,Tracyburgh,2023-10-01,Regular,True
492,Gabrielle,Kelly,joel84@example.org,FL,Natashatown,2023-07-17,Regular,False
493,Stacy,Perez,penny21@example.net,OH,Meyerbury,2026-04-25,Premium,True
494,Ashley,Simmons,renee57@example.net,IL,East Denise,2024-09-25,VIP,True
495,Gabriella,Harris,kylethornton@example.net,NY,South Wendy,2025-03-24,Premium,True
496,Dustin,Fitzpatrick,lonniegrant@example.net,MI,East Lonnieberg,2026-05-30,Regular,True
497,Kathy,Beard,tali@example.com,IL,Edwinborough,2025-08-31,Regular,True
498,Jack,Farmer,catherine93@example.net,MI,East Grace,2023-10-21,Regular,True
499,Hailey,Woods,xjoseph@example.org,IL,Henryberg,2024-07-24,Regular,True
500,Jeremy,Ortiz,schaeferstephanie@example.org,FL,Port James,2023-12-23,Regular,True
501,Stephanie,Gonzales,dwatts@example.org,GA,Sullivanton,2024-01-06,Regular,True
502,Madison,Cortez,vcarr@example.net,GA,New Danielmouth,2025-04-22,Regular,True
503,Bobby,Forbes,cterrell@example.net,NC,Blackton,2025-12-18,Regular,True
504,Scott,Wilkerson,steven64@example.net,IL,Lake Zacharyberg,2024-01-20,Regular,True
505,Debbie,Davis,whitebrenda@example.net,FL,South Robert,2024-11-15,Regular,True
506,Harold,Garza,nicoledavis@example.com,CA,Lake Jessica,2024-11-01,Regular,True
507,Jasmin,Walters,millspatrick@example.net,NC,South Andrea,2023-10-04,Regular,True
508,George,Rogers,fernandothomas@example.net,NC,South Kylemouth,2023-08-14,Regular,True
509,Henry,Roach,adamcannon@example.org,GA,Jimenezfort,2024-05-08,Regular,True
510,Adam,Andrade,jaykeller@example.com,OH,Ramostown,2025-02-11,Regular,True
511,Amy,Harvey,brandonhernandez@example.net,CA,Benjaminton,2024-03-20,Regular,True
512,Mary,Evans,williamsrobert@example.org,CA,Lake Justin,2025-06-26,Premium,True
513,Holly,Armstrong,tammycurry@example.com,OH,North Kaylamouth,2025-06-19,Regular,True
514,Nicholas,Jones,ebridges@example.com,OH,Taylorview,2024-08-03,Premium,True
515,Robert,Clark,cherylrodriguez@example.net,GA,South Jenniferport,2024-06-21,VIP,True
516,Melanie,Green,sara99@example.com,NY,Vasquezburgh,2024-10-06,Premium,True
517,Jesse,Roberts,aaronjohnson@example.net,GA,Lake Melaniechester,2026-02-18,Regular,True
518,Matthew,Castro,alexharris@example.com,FL,Kristyport,2024-09-22,Premium,True
519,Andrea,Wang,jenningsmatthew@example.net,IL,Port Gregorymouth,2024-05-20,Regular,False
520,Sandra,Mendoza,probles@example.org,NC,Mooremouth,2025-12-26,Regular,True
521,Amanda,Rogers,dreilly@example.net,FL,Annettemouth,2026-02-27,Regular,False
522,Andrew,Ray,lauren51@example.org,TX,Marymouth,2025-02-23,Premium,True
523,Courtney,Kirby,hlopez@example.com,CA,Jenniferview,2026-06-08,Premium,True
524,Tyler,Young,tgallegos@example.org,PA,Gregorystad,2024-09-22,Premium,False
525,Kimberly,Gentry,zhunter@example.com,PA,East Matthew,2025-11-02,Regular,True
526,Morgan,Collins,douglas18@example.net,GA,East Jenny,2024-12-07,Regular,True
527,Jennifer,Boyd,collinsbradley@example.net,IL,West Steventon,2024-11-11,Premium,True
528,Katie,Reese,lanelarry@example.org,CA,Jamesport,2023-10-17,Regular,False
529,Luis,Alexander,nelsoneric@example.org,NY,New Anitaville,2024-04-24,Regular,True
530,Michael,Flores,sherrybrock@example.net,CA,East Charles,2024-02-08,Regular,True
531,Matthew,Wallace,anthonyberger@example.org,GA,South Brianchester,2025-04-28,Premium,True
532,Janet,Vance,tjensen@example.com,GA,Lake Katherine,2024-08-29,Regular,True
533,Christian,Livingston,fbradley@example.net,OH,Davisport,2025-11-29,Premium,True
534,Jennifer,Marshall,staceythomas@example.net,TX,Robertafurt,2025-07-15,Regular,True
535,Samantha,Rivera,shawn01@example.com,OH,West Timothyburgh,2024-01-13,Regular,True
536,Michael,Andrews,sullivanjennifer@example.org,NY,Angelaland,2024-05-01,VIP,True
537,Amanda,Morales,pallen@example.net,MI,South Patrick,2025-11-10,Premium,True
538,Lisa,Garza,vbradley@example.net,NY,East Elaine,2024-07-04,Regular,True
539,Sarah,Andrews,mwilson@example.com,OH,Angelamouth,2023-09-20,Regular,False
540,Stephanie,Jones,jenningscandace@example.com,TX,Troyton,2024-01-05,Premium,True
541,Lisa,Clay,shermandonna@example.com,OH,Petershire,2023-10-04,Regular,True
542,Jamie,Rich,ashley46@example.net,MI,Veronicashire,2024-10-28,Regular,True
543,Valerie,Powell,melissabrown@example.net,OH,North Jacquelinestad,2023-07-05,Premium,True
544,Julian,Johnson,zpark@example.net,CA,Jenniferfurt,2023-10-25,Regular,True
545,Amy,Bates,jtaylor@example.com,NC,Maryberg,2024-08-17,Regular,True
546,Monique,Martinez,jonesalfred@example.net,IL,Barrettberg,2024-05-07,Premium,True
547,Dawn,Perry,senglish@example.net,FL,Hansonmouth,2023-09-27,VIP,True
548,Andrea,Cole,jeremiah69@example.org,GA,Bradfordbury,2025-01-04,Regular,True
549,Joseph,House,arthur09@example.com,CA,Danielfort,2025-08-14,Regular,False
550,Christopher,Cross,steven18@example.net,GA,East Thomasland,2026-05-15,VIP,True
551,Amber,Riley,bergeramanda@example.org,OH,Gibsonfort,2025-07-15,Premium,True
552,Martin,Gomez,keith09@example.net,NC,Jessicashire,2025-03-16,Regular,False
553,Crystal,Lane,douglaskelly@example.net,NY,West Toddberg,2024-04-07,Premium,False
554,Melissa,Ramirez,christinahill@example.com,NY,Lake Danielburgh,2024-12-31,Premium,True
555,Joanne,Hopkins,lindsey43@example.com,CA,Port Alison,2026-03-19,VIP,True
556,Tracey,Coffey,marymullins@example.com,FL,Youngmouth,2023-08-02,Premium,True
557,Gary,Lane,brian41@example.org,NC,South Raymond,2025-08-29,Regular,True
558,Julie,Goodwin,noahthornton@example.com,NC,Dustinchester,2024-05-21,Regular,False
559,Sara,Cole,suzanne01@example.net,CA,Stephaniechester,2023-07-09,Regular,False
560,Denise,Nelson,joseph14@example.net,GA,Murraybury,2025-04-25,Regular,True
561,Brianna,Lee,erica25@example.net,MI,Lake Alanland,2025-09-08,Regular,False
562,Connor,Garcia,ubell@example.com,CA,Jamestown,2023-07-10,Regular,True
563,Brian,Wheeler,stephanielittle@example.net,OH,North Melissaberg,2025-05-05,Regular,True
564,Kathryn,Wong,pauladominguez@example.com,NC,Stevenland,2024-08-11,Premium,True
565,Sandra,Hill,qschwartz@example.com,NY,Fernandoland,2025-05-26,Regular,False
566,Bryan,Price,scottlisa@example.org,TX,Jonesborough,2024-04-25,Premium,True
567,Gregory,Vasquez,amberreynolds@example.net,IL,South Jenniferville,2025-04-25,Regular,True
568,Chad,Luna,fsmith@example.org,FL,North Elizabethview,2023-08-04,Regular,False
569,Mark,Myers,robertsonshelby@example.com,IL,Grahamland,2023-12-10,Premium,True
570,Aaron,Finley,imartinez@example.com,NC,Evelynfurt,2025-02-07,Regular,True
571,Wendy,Holland,amanda51@example.com,MI,Deborahburgh,2023-08-26,Regular,True
572,Tammy,Guerrero,heather15@example.com,NY,Lake Samuelborough,2025-02-23,Regular,True
573,James,Cortez,tracybrown@example.net,NY,Victormouth,2023-11-27,Premium,True
574,Allen,Morgan,kristin06@example.org,MI,Port Desiree,2026-05-20,Regular,False
575,Shelby,Berg,joycehall@example.org,TX,Lake Donaldtown,2025-01-19,Premium,True
576,Samantha,Williams,alexischen@example.com,TX,South Cherylshire,2024-11-23,VIP,True
577,Lisa,Wilson,bryanharris@example.com,IL,Nguyenshire,2023-09-05,Premium,True
578,Marc,Oconnell,kathrynwatkins@example.com,PA,North Joshuachester,2025-02-13,Premium,True
579,Mitchell,Martin,sarawilliams@example.org,NC,Stricklandtown,2023-12-28,Regular,False
580,Christopher,Smith,mannbrittney@example.com,GA,Steelefort,2026-02-14,Regular,True
581,Jamie,Bowman,ljenkins@example.net,PA,New Hectorfort,2025-07-24,Regular,True
582,Christopher,Serrano,michael08@example.org,TX,North Valerie,2025-04-27,Regular,True
583,Christine,Huffman,stevensims@example.org,GA,Brianville,2026-05-31,Regular,True
584,Gina,Schmitt,kjimenez@example.net,OH,North Deannaport,2025-11-15,Premium,True
585,John,Jensen,vwilliams@example.org,OH,East Kristen,2024-02-11,VIP,True
586,Darren,Jacobson,uwatkins@example.com,OH,Lake Erica,2024-12-09,Regular,True
587,Kimberly,Nguyen,youngrobert@example.org,FL,Vanceland,2024-06-17,Regular,True
588,Todd,Zamora,javierlynch@example.org,FL,Brooksmouth,2024-11-23,Regular,True
589,Crystal,Cantrell,matthewjohnson@example.net,PA,West Derekmouth,2025-08-23,Premium,True
590,George,Cooper,cassandra92@example.net,NY,North Robert,2024-11-10,Premium,False
591,Michelle,Robinson,rhood@example.org,OH,Fitzgeraldbury,2025-01-18,Regular,True
592,Ryan,Walker,robinvillanueva@example.com,NC,North Vickiehaven,2024-03-24,Regular,False
593,Amanda,Mendoza,chavezjohn@example.net,GA,Lake Jessicaborough,2023-08-02,Regular,False
594,Kenneth,Holland,smithelizabeth@example.org,NC,Hodgeshire,2023-11-19,Regular,True
595,Shawn,Ingram,xlopez@example.net,MI,Padillatown,2023-07-23,Regular,True
596,Chad,Barry,alyssa46@example.com,GA,Port Gail,2026-01-24,Regular,True
597,Matthew,Randolph,pamela16@example.com,GA,Harveystad,2025-05-06,Regular,True
598,Deborah,Bush,devonrogers@example.net,CA,Lake Timothyshire,2024-08-01,Regular,False
599,Jacqueline,Mullins,lukehurst@example.net,OH,Ramirezland,2026-02-04,Premium,True
600,Shaun,Mason,harrisonamanda@example.net,PA,Shannonstad,2024-08-08,Regular,True
601,Sierra,Lamb,lopeznicole@example.org,OH,South Rachaelport,2025-11-18,Regular,True
602,Chase,Martin,terrytyler@example.org,NC,West Robertside,2026-05-11,Regular,True
603,Thomas,Fisher,carterbryan@example.org,MI,Robertmouth,2026-04-12,Premium,True
604,Kristin,Tucker,kellis@example.org,CA,Georgeview,2025-06-14,Regular,True
605,Nathan,Roberts,hernandezjustin@example.org,OH,Lake Amanda,2024-03-01,Regular,True
606,Gregory,Erickson,evanwilson@example.com,NY,South Jorge,2024-01-12,Regular,True
607,Anna,Johnson,tiffany25@example.com,NC,New Kevin,2024-01-15,Regular,True
608,Richard,Porter,staciereilly@example.org,OH,Lake Amyhaven,2026-03-30,Premium,True
609,Janice,Wells,tara92@example.net,NY,Morganville,2024-06-23,Premium,True
610,Rachel,Taylor,parkerrichard@example.org,OH,Howardmouth,2025-09-05,VIP,True
611,Danielle,Silva,kimberlywang@example.org,PA,North Amandamouth,2023-08-26,VIP,True
612,Susan,Daugherty,ulee@example.net,IL,Lake Michaelberg,2025-07-07,Regular,True
613,Ronald,Hughes,mitchellmichael@example.com,NC,East Jessicamouth,2025-08-18,Regular,True
614,Robert,Ramos,lindawaller@example.com,IL,Taylorshire,2025-09-15,Regular,True
615,Douglas,Turner,carl96@example.org,OH,South Danielleview,2025-04-11,Premium,False
616,Angela,Page,jamescollier@example.com,MI,Williamsport,2024-09-22,Regular,False
617,Kevin,Hansen,ywalker@example.org,TX,West Kevin,2025-12-26,Regular,True
618,Dana,Martinez,robert73@example.org,MI,Port Joshualand,2025-05-28,Regular,True
619,Michael,Castillo,ooneill@example.net,MI,Mccannville,2025-04-12,Regular,True
620,Jessica,Smith,francisco02@example.com,MI,Johnsberg,2024-08-08,Premium,True
621,Brian,Ward,brandon48@example.net,FL,New Jamesburgh,2024-07-22,Regular,False
622,Carol,Jackson,monique44@example.net,CA,Codyshire,2025-10-11,Regular,True
623,Douglas,Taylor,nathan76@example.com,PA,North Jeffery,2024-07-16,Regular,True
624,Marie,Pope,butlersabrina@example.org,PA,North Timothy,2024-12-29,Regular,True
625,Michael,Montoya,gerald40@example.net,GA,East Davidberg,2024-06-02,Premium,True
626,Kyle,Clark,colemankathryn@example.org,TX,North Kimchester,2025-07-19,Premium,True
627,Daniel,Mcguire,harrisonrebekah@example.org,NC,West Elizabethville,2023-08-12,Regular,True
628,Samantha,Harris,jackbell@example.org,NC,Port Julie,2025-10-30,Regular,False
629,Bethany,Bell,williamjones@example.net,GA,New Jayborough,2024-04-25,VIP,True
630,George,Webster,beltrancorey@example.org,OH,Richardsonshire,2026-05-17,Premium,False
631,Emily,Rodriguez,tina63@example.net,IL,South Daniel,2024-01-15,Premium,True
632,David,Rodriguez,tylerward@example.com,FL,North Markville,2026-06-09,Regular,True
633,Stephen,Fitzgerald,aperez@example.com,IL,Lopezland,2024-08-21,Premium,True
634,Leah,Crosby,harry71@example.com,GA,Millsland,2026-03-02,Regular,True
635,Ralph,Neal,figueroapatricia@example.org,IL,West Theresamouth,2023-11-04,Regular,True
636,Megan,Powell,maryhardy@example.com,NC,Katelynfurt,2024-02-01,Regular,False
637,Elizabeth,Clements,jdixon@example.com,OH,North Johnfort,2024-07-20,VIP,True
638,Sherri,Johnson,greertyrone@example.org,IL,South Cassandra,2024-03-05,Regular,False
639,Kevin,Hanson,guerreroapril@example.com,CA,Harrisfort,2024-06-19,Regular,True
640,Jose,Cooper,cisnerosanthony@example.com,IL,South Shannonfurt,2024-12-14,Premium,True
641,Barry,Thompson,nicole27@example.com,NC,West Jennifer,2024-10-23,Regular,True
642,Daniel,Leonard,kalvarez@example.net,IL,South Joseshire,2024-12-11,Regular,True
643,Christina,Gomez,luke09@example.org,MI,Port Michael,2026-05-25,Regular,True
644,Brandy,Hubbard,oscar65@example.com,NC,Bellbury,2025-11-29,Regular,True
645,Deborah,Watkins,meltondanny@example.org,CA,New Markmouth,2024-03-24,Regular,True
646,Roberto,Robertson,odomnicholas@example.com,CA,Ashleyfort,2025-06-16,Premium,True
647,Emily,Rogers,garrett45@example.com,NC,South Cynthia,2023-10-14,VIP,True
648,Charles,Jefferson,karlwilliams@example.net,GA,Ballardland,2026-05-28,Regular,True
649,Belinda,Vargas,carlos87@example.com,IL,West Laura,2025-08-20,Regular,True
650,Kevin,Brock,ualvarado@example.org,CA,Moraleshaven,2025-06-09,Premium,True
651,Kathryn,White,burtonzachary@example.org,TX,Lewismouth,2024-11-04,VIP,True
652,Dana,Lamb,umichael@example.net,NY,New Jamesmouth,2024-04-15,VIP,True
653,Edward,Jennings,megan65@example.org,PA,Port Robert,2023-12-05,Premium,True
654,Debbie,Scott,richardwilson@example.org,IL,East Lauraport,2025-12-14,Premium,True
655,Anita,Graham,harrisjoseph@example.org,MI,Kristineview,2024-11-16,Premium,False
656,Gregory,Phelps,dcasey@example.org,OH,Carolynland,2025-06-17,Regular,False
657,Richard,Cox,sandersmary@example.org,NC,North Ashley,2026-03-09,Regular,False
658,David,Beck,tyler13@example.net,NY,Port Lindsaymouth,2024-12-25,Premium,True
659,Jo,Shaffer,selenarobinson@example.org,FL,East Tara,2025-12-24,Premium,True
660,Jonathan,Lawrence,sferguson@example.org,GA,Amyfort,2024-10-20,Premium,True
661,Sylvia,Suarez,michaelbaldwin@example.com,TX,Lake Tammyton,2025-07-13,Premium,True
662,Eileen,Everett,johnnycruz@example.net,MI,Rebeccaville,2026-01-03,Premium,True
663,Joel,Ramos,browningphillip@example.com,MI,Christopherbury,2025-02-01,Premium,False
664,Michele,Martin,zwelch@example.net,PA,Mccormickview,2024-05-17,Regular,True
665,Madeline,Shepard,vmclaughlin@example.net,CA,Mcdowellville,2026-01-30,Regular,True
666,Holly,Hunter,robert85@example.com,OH,Port Brettburgh,2025-12-15,VIP,True
667,Krystal,Taylor,tgonzalez@example.com,PA,North Erichaven,2025-05-17,Regular,True
668,Katrina,Banks,melaniejennings@example.com,OH,Mendozaberg,2025-08-16,Regular,True
669,Grace,Serrano,james65@example.org,TX,Waltershire,2024-04-07,Regular,True
670,Stacy,Leblanc,rebeccamccann@example.org,FL,Jacquelineburgh,2024-02-27,Regular,True
671,Christine,Burke,christopherrichardson@example.net,IL,North Jenniferchester,2023-08-20,Regular,True
672,Sarah,Wilcox,twilson@example.org,IL,Port Lisa,2025-10-20,Premium,True
673,Julie,Reyes,mgates@example.org,IL,Jessicaborough,2024-04-13,Regular,True
674,Ricky,Thomas,theresa39@example.com,NY,West Brandi,2024-09-27,Regular,True
675,Christopher,Harrison,terri63@example.net,MI,Ericksonview,2025-06-04,Regular,True
676,Angela,Williams,thomasgomez@example.net,GA,North Jonfurt,2023-09-14,Premium,True
677,Ralph,Wood,carpenterjorge@example.net,FL,Conradmouth,2024-05-23,Premium,True
678,Logan,Moreno,jorgeedwards@example.org,MI,Savageview,2023-11-18,Premium,True
679,Sara,Campbell,chloe48@example.com,GA,Staffordmouth,2025-09-22,Regular,True
680,Travis,Dodson,isaacharrison@example.org,MI,Grahamfort,2025-09-10,Regular,True
681,Michael,Fletcher,hellis@example.net,NC,North Michael,2023-08-10,Regular,True
682,Justin,Conley,anna93@example.net,NY,New Katieburgh,2024-02-05,Regular,True
683,Chase,Tate,clayanthony@example.net,CA,South Nathanielville,2024-09-24,Premium,True
684,Eric,Miller,rgibson@example.net,GA,West Taramouth,2025-12-29,Regular,True
685,Jessica,Navarro,jasonwilliams@example.net,TX,Marcuston,2024-06-16,Regular,True
686,Amy,Guzman,rossgregory@example.com,GA,North Melissaburgh,2025-09-18,Regular,True
687,Richard,Holland,davidhenry@example.com,IL,Rebeccaberg,2024-08-25,Premium,True
688,Cody,Richardson,tracymcclure@example.com,TX,Annachester,2024-07-24,Premium,True
689,Roberto,Richardson,ryansimmons@example.org,TX,Teresabury,2023-10-03,Regular,True
690,Jennifer,Arias,robertssamuel@example.com,NC,Edgarberg,2025-06-05,VIP,False
691,Kevin,Wright,dphillips@example.net,CA,North Williamhaven,2025-07-15,VIP,True
692,Cody,Guerrero,michael91@example.net,IL,North Joymouth,2024-10-04,Regular,True
693,Ian,Long,butlerjanet@example.com,PA,Toddmouth,2024-01-09,Regular,False
694,Joseph,Levy,jasonmiller@example.net,GA,Monicaville,2025-05-10,Premium,False
695,Andrew,Foster,jacksonthomas@example.net,PA,Meltonfort,2024-10-14,Regular,False
696,Lisa,Jensen,fballard@example.org,NC,North James,2024-05-23,Regular,False
697,Heather,Lopez,clarkdeborah@example.net,CA,South Megan,2025-12-06,Regular,True
698,Amanda,Miller,bhernandez@example.org,NC,East Rachelmouth,2026-01-21,Regular,False
699,Thomas,Heath,jameshudson@example.com,TX,West Alanchester,2026-05-17,Premium,False
700,Melinda,Mclaughlin,benjamin67@example.net,GA,Hallton,2026-06-03,Premium,True
701,Robert,Stewart,adamsdeborah@example.com,NC,South Cindystad,2025-01-25,Regular,True
702,Ryan,Martin,taylorkim@example.net,GA,New Regina,2024-10-29,Regular,True
703,Carrie,Kirby,sanderson@example.net,CA,Moyerstad,2024-07-02,Regular,True
704,Lauren,Richard,justincurry@example.net,MI,Andersonborough,2025-11-14,Premium,False
705,Travis,Leon,ntorres@example.net,TX,North Michaelview,2023-12-15,Regular,True
706,Eric,Clayton,romanmatthew@example.org,MI,North Anna,2024-07-21,Regular,True
707,Victoria,Glover,carrilloangela@example.org,TX,Lake Brentmouth,2024-12-10,Regular,True
708,Sydney,Campos,harringtonchelsea@example.org,GA,New Danielville,2025-11-17,Regular,True
709,Rhonda,Moore,jean87@example.net,TX,East Deborahmouth,2026-02-04,Regular,False
710,David,Harris,ahammond@example.org,FL,Petersonhaven,2025-12-09,Premium,True
711,Joseph,Espinoza,qward@example.org,OH,Port Karen,2023-12-31,Regular,True
712,Jeremy,Pham,dhardin@example.net,OH,Sherrymouth,2024-09-30,Regular,False
713,Alejandro,Drake,millerleroy@example.org,NC,Brownton,2023-12-03,Regular,True
714,Darlene,Orr,levinetina@example.net,TX,Robertside,2025-06-18,Regular,True
715,Jennifer,Edwards,alan48@example.net,NY,Lake Richard,2026-02-07,Premium,True
716,Paige,Weber,zterry@example.net,GA,Roweport,2025-06-01,Regular,True
717,Amanda,Price,abigailfernandez@example.org,PA,New Andreahaven,2023-09-27,Premium,True
718,Cynthia,Johnson,john46@example.net,PA,Lake Brianstad,2024-07-04,Regular,True
719,William,Martinez,westashley@example.org,NY,Morganbury,2024-04-06,Premium,True
720,Vanessa,Cunningham,michaelmitchell@example.net,FL,Lake Nicholas,2025-11-24,Regular,True
721,Daniel,Black,mackenzieward@example.org,GA,Lake Ronald,2025-09-11,VIP,True
722,Christopher,Coleman,thomasgriffin@example.com,PA,Chapmanhaven,2024-09-20,Regular,True
723,Monica,Silva,sbarajas@example.com,FL,Colonberg,2025-10-26,Regular,True
724,Todd,Ellis,bensonstanley@example.org,CA,New Mike,2024-12-31,VIP,True
725,Carolyn,Ortiz,woodkeith@example.net,CA,North Nathan,2026-05-04,Regular,True
726,Kevin,Tucker,douglaslawrence@example.org,TX,Pamelaborough,2026-06-16,Regular,True
727,Jodi,Smith,carlos06@example.com,MI,Arielmouth,2024-01-13,Regular,True
728,Thomas,Cortez,kathleenwagner@example.com,MI,Contrerasberg,2025-10-29,Premium,True
729,Mark,Marsh,zhughes@example.com,GA,Lake Pamelaview,2026-01-30,Regular,False
730,Michelle,Mann,ann18@example.org,IL,New Amber,2025-06-03,VIP,True
731,Susan,Boyd,bshaw@example.org,FL,North Joshua,2025-10-03,VIP,True
732,Maria,Combs,imiller@example.net,GA,Richardton,2024-02-07,VIP,True
733,Sarah,Morgan,robertheath@example.com,FL,Scottville,2024-12-16,Regular,True
734,Amber,Mitchell,jonathandavis@example.com,OH,Gregoryton,2026-06-03,Premium,True
735,Mark,Johnson,evanscorey@example.org,NC,Orozcoview,2025-04-29,Premium,True
736,Maria,Martinez,johnharper@example.org,OH,Romerohaven,2024-08-11,Regular,True
737,Darin,Brown,etran@example.com,CA,South Cynthiatown,2024-08-21,Premium,True
738,Tabitha,Leonard,kathrynpearson@example.org,OH,Ashleymouth,2024-04-16,VIP,True
739,Cynthia,Harris,nathanielgalloway@example.org,PA,Aliside,2023-09-26,Regular,False
740,Aaron,Marshall,denise20@example.org,NY,Nelsonview,2024-11-02,Regular,True
741,Omar,Bell,brendadixon@example.org,MI,Lake Amanda,2026-01-01,Regular,True
742,Christopher,Hale,jessicalutz@example.com,NY,New William,2023-09-11,Regular,True
743,Nicole,Dougherty,tiffany74@example.org,MI,Matthewmouth,2025-11-21,Premium,True
744,Mark,Sloan,deborahsmith@example.com,OH,North Emilychester,2026-05-12,Regular,True
745,Heather,Burns,ymedina@example.net,GA,New Anthonymouth,2025-02-24,Regular,True
746,Michael,Hess,paul01@example.com,OH,Sharonmouth,2025-07-02,Regular,True
747,Julia,Chang,james94@example.net,GA,East Tina,2023-07-07,Regular,False
748,Benjamin,Vasquez,adrianjoyce@example.net,TX,Rodriguezview,2026-05-21,Regular,True
749,Troy,Arnold,cameronanderson@example.org,CA,West Sarah,2025-03-11,VIP,True
750,Nicole,Daniel,james08@example.net,TX,Erinmouth,2026-01-18,Regular,True
751,Ronald,Nunez,nashmarcus@example.com,FL,Davidhaven,2023-06-29,Regular,True
752,Michael,Blake,brandonhull@example.net,FL,Stewartfurt,2024-11-18,Regular,True
753,Christopher,Armstrong,mooneyjeremiah@example.net,MI,Rosariobury,2024-01-26,Premium,False
754,Mark,Brown,johnsonryan@example.org,GA,Marybury,2024-01-28,Premium,True
755,John,Peterson,underwoodapril@example.org,NC,Port Carolmouth,2023-10-23,Regular,True
756,Colleen,Riley,villegassabrina@example.com,NC,Pamelaland,2025-10-10,Premium,True
757,Bryan,Lang,turnerconnie@example.org,IL,Lake Brianton,2025-10-30,Regular,True
758,Patrick,Davis,mhall@example.net,PA,South Patrickchester,2024-05-14,Premium,False
759,Christine,Morgan,gibsonmark@example.org,CA,North Alexanderland,2026-02-14,VIP,True
760,Mary,Strong,danascott@example.com,FL,Hardymouth,2025-04-06,Regular,True
761,Devin,Williams,larrygraham@example.net,OH,Larryside,2024-01-16,Regular,True
762,Dylan,Parker,kelly08@example.net,OH,North John,2025-10-23,VIP,True
763,Anita,Brown,james33@example.org,FL,Jaimefort,2025-12-10,VIP,True
764,Tina,Greene,melissa95@example.net,CA,Robertburgh,2025-07-26,Premium,False
765,Nancy,Lozano,arobinson@example.net,TX,Lake Jerry,2023-10-19,Regular,True
766,John,Navarro,lindsay63@example.com,NC,Port Veronica,2025-05-10,Regular,True
767,Charles,Johnson,thomasscott@example.net,NY,Bradleytown,2024-07-28,Regular,True
768,Justin,Robinson,jennifer58@example.org,OH,East Andrew,2024-01-31,Regular,False
769,Renee,Smith,nicholascobb@example.org,CA,Sharonport,2026-01-04,Premium,False
770,Mike,Watson,shelleyrowland@example.net,FL,Johnsland,2024-11-07,Regular,False
771,Nicole,Anderson,jamesgray@example.com,MI,Carolbury,2023-11-03,Regular,True
772,Kathryn,Matthews,kristine53@example.org,CA,Moniquehaven,2026-03-31,Premium,True
773,Norma,Clark,muellerkrystal@example.net,NC,East Williamhaven,2026-05-22,Regular,True
774,April,White,alicia77@example.com,OH,Biancashire,2024-08-09,Regular,True
775,Jamie,Jacobson,zroy@example.org,NY,Ronaldfurt,2025-06-07,Premium,True
776,Selena,Brooks,taylorchristopher@example.com,PA,Jerryton,2025-03-13,VIP,True
777,Christine,Simmons,xreynolds@example.com,MI,Joshuatown,2024-11-17,Regular,True
778,Jesus,Brewer,rachel48@example.net,PA,Port Joshuabury,2024-01-09,Premium,True
779,Charles,Johnson,matthewleonard@example.com,PA,Julieview,2023-10-12,Premium,True
780,Cassandra,Taylor,alan44@example.com,CA,Bautistashire,2024-01-21,Regular,False
781,Alexander,Valdez,michelleperez@example.net,TX,South Jesus,2025-10-03,Regular,True
782,Angela,Harrison,fpeterson@example.com,CA,South Kayla,2025-03-30,Regular,True
783,Jason,Cole,brooksbarbara@example.org,MI,Sherrytown,2025-07-30,Regular,True
784,Donna,Gomez,robertjennings@example.com,TX,Marktown,2024-12-25,Premium,True
785,Antonio,Taylor,ashley99@example.net,GA,Bairdborough,2025-03-09,Regular,True
786,Bryce,Hughes,krodriguez@example.com,PA,Christopherville,2026-04-30,Regular,True
787,Gregory,Serrano,mjohnson@example.org,PA,Campbellbury,2025-07-04,Regular,True
788,Alice,Gibson,april25@example.com,FL,Mooreville,2024-05-10,Premium,True
789,Robert,Paul,nfriedman@example.org,NY,West Ryan,2023-11-15,Regular,True
790,Thomas,Munoz,briana87@example.com,NY,North Vickie,2025-08-12,Premium,True
791,Makayla,Jacobs,aliciakent@example.com,CA,Fordton,2024-10-27,Regular,False
792,Keith,Ibarra,treed@example.com,GA,Austinburgh,2025-09-11,Regular,True
793,Hayden,Williamson,qellis@example.org,NY,South Hollyton,2024-09-23,Regular,True
794,Monica,Hill,elizabeth13@example.com,NC,Riddleside,2024-03-15,Regular,True
795,Miguel,Campos,murraycharles@example.net,TX,Jamesfurt,2023-11-06,Regular,True
796,Randy,Smith,fletcherderek@example.net,MI,Washingtonland,2026-01-19,Regular,True
797,Diane,Reeves,rtaylor@example.org,PA,Port Andrew,2023-09-25,Regular,True
798,Kelly,Nichols,qjackson@example.org,CA,Ericstad,2023-10-15,Premium,True
799,Jennifer,Stafford,scottwilliams@example.net,FL,South Hannahmouth,2024-01-07,Regular,True
800,Adam,Barton,sarahbrooks@example.org,PA,North Allen,2023-08-23,Regular,True
801,Alexis,Hoover,walkernicole@example.net,IL,Lake Gary,2023-07-27,Regular,True
802,Daniel,Murphy,colleenvilla@example.com,PA,Martinezborough,2024-09-24,Regular,True
803,Marcus,Smith,alexander37@example.org,CA,Lake Lisastad,2023-10-20,Regular,False
804,Nicole,Jenkins,gbird@example.net,GA,West Susan,2023-08-14,Regular,True
805,Tina,Horton,martinreid@example.net,CA,Tiffanyfort,2025-04-13,Regular,True
806,Andres,Barr,oreyes@example.net,PA,New Briana,2023-09-08,Regular,True
807,Jesse,Jensen,parkerjoann@example.org,OH,North Devinfort,2026-06-13,Regular,True
808,Edward,Harris,youngjessica@example.com,MI,Dennismouth,2024-05-16,Regular,True
809,Kathleen,Meyer,swong@example.org,FL,Port Jessica,2025-05-31,Regular,True
810,Jamie,Brown,lauriehorton@example.org,PA,Boydburgh,2024-07-06,VIP,True
811,Adam,Kane,mckaybrett@example.org,GA,East Christopher,2024-10-23,VIP,True
812,Marie,Frederick,williamsimmons@example.com,OH,Frankborough,2025-04-05,Regular,True
813,Gregory,Wright,barbara34@example.com,PA,West Raymondburgh,2024-03-21,Regular,False
814,Roberto,Lynch,ywolf@example.com,FL,Port Patrickland,2024-11-23,Regular,True
815,Sandra,Larson,angelathompson@example.com,NC,Torresport,2025-10-04,Regular,True
816,Catherine,Jones,jennifergonzalez@example.org,FL,North Michellestad,2024-08-10,Regular,True
817,Sara,Bentley,patrick49@example.org,CA,Dyerville,2024-12-16,Premium,True
818,Ariel,Lee,xkrueger@example.net,PA,Williamfort,2024-08-21,Premium,True
819,Micheal,Brown,vhouse@example.org,IL,South Austin,2025-05-22,Regular,True
820,Crystal,Rhodes,josegibson@example.net,PA,West John,2025-12-03,Premium,True
821,Elaine,Martin,wisedawn@example.com,MI,Mccarthyland,2025-03-21,Regular,True
822,Jacob,Henderson,uwillis@example.com,NC,North Daisystad,2025-01-14,VIP,False
823,Joseph,Clark,ahale@example.org,PA,Smithland,2025-12-04,Regular,True
824,Robert,Butler,jessica22@example.com,OH,Lake Dennis,2025-10-21,Premium,True
825,Wayne,Rodriguez,jacobbrown@example.org,MI,West Tonya,2024-12-10,Premium,True
826,Scott,Durham,oneillgabriel@example.com,FL,South Davidland,2026-02-05,Premium,True
827,Brenda,Woods,smithjoseph@example.org,MI,North Jasontown,2024-07-05,Regular,False
828,Abigail,Hayden,sarah75@example.net,PA,Rogersmouth,2024-08-11,VIP,True
829,Lisa,Everett,dgray@example.com,PA,Lindatown,2026-06-25,Regular,True
830,Holly,Hardy,anthonymartinez@example.net,FL,Stephaniebury,2024-11-08,Regular,True
831,Christine,Hopkins,qrobertson@example.org,MI,Lake Susanmouth,2024-08-03,Premium,True
832,Michael,Williams,erica39@example.com,OH,Stevensonland,2023-07-15,Regular,True
833,Sheila,David,shatfield@example.org,MI,Carterborough,2024-07-12,Premium,True
834,Molly,Walter,andersonlaura@example.com,TX,Jacksonmouth,2025-08-14,Regular,True
835,Timothy,Fernandez,jasonmullins@example.net,CA,North Ryantown,2026-05-07,Regular,False
836,Sarah,Orr,jeffrey47@example.net,NY,Lake Derekside,2023-12-19,Regular,True
837,Travis,Pope,monica99@example.org,FL,Nicholasfurt,2025-05-20,Regular,True
838,Kristen,Burch,ostokes@example.com,CA,West Christopherland,2025-06-12,Regular,True
839,Brittany,Lopez,berrydavid@example.com,OH,Raytown,2024-07-03,Regular,True
840,Brittany,Lee,uwhitney@example.com,CA,New Elizabeth,2024-06-01,Regular,True
841,Daniel,Smith,sstewart@example.org,CA,Frazierberg,2025-04-03,Premium,True
842,Dustin,Ortega,georgekyle@example.net,FL,West Wendyshire,2025-04-15,Regular,True
843,Maria,Simpson,zbrown@example.com,OH,Port Jennifer,2024-12-01,Regular,False
844,Sarah,Walker,leblanckimberly@example.com,FL,Evansburgh,2026-01-10,Premium,True
845,Amy,Rogers,wmooney@example.com,NY,Jonesport,2026-06-16,Premium,True
846,Sandra,Haynes,udavis@example.net,TX,Port Sarahport,2024-05-01,Premium,False
847,Frank,Taylor,jcarter@example.org,GA,Port Kaitlin,2024-11-08,Regular,True
848,Albert,Barber,gregoryvanessa@example.org,FL,Clementschester,2025-09-09,Regular,True
849,Gary,Brown,terri20@example.org,CA,Brittneyberg,2025-07-09,Regular,True
850,Richard,Johnson,randyturner@example.net,NC,Lake Julie,2025-05-13,Regular,True
851,Vickie,Lambert,stricklandmichelle@example.net,GA,Hillmouth,2025-10-23,Regular,True
852,David,Miller,gmay@example.org,GA,New Ashleyshire,2024-08-02,Regular,True
853,Heather,Davis,patrickcooke@example.net,MI,Evansberg,2024-12-03,Regular,True
854,Bryan,Stout,richardhaynes@example.com,CA,Brownshire,2023-10-13,Regular,True
855,Lori,Pearson,tammymerritt@example.org,MI,North Angela,2025-02-06,Regular,True
856,David,Anderson,denisemiller@example.com,IL,North Tinahaven,2025-11-19,VIP,True
857,Tammy,Jackson,wrightbrandon@example.net,NY,Donnamouth,2024-05-18,Regular,True
858,Tracy,Edwards,catherine83@example.net,CA,Lake Loribury,2023-11-27,Regular,True
859,Donald,Chase,susanguzman@example.org,NC,Joshuachester,2023-08-06,Regular,True
860,Jonathan,James,ricardomiller@example.com,MI,Bentleyberg,2023-09-16,Regular,True
861,Chad,Oconnor,jenniferelliott@example.net,NC,South Lorraine,2025-02-02,Premium,True
862,Kristin,Gray,chrismartinez@example.org,NY,Jonesland,2024-06-07,Regular,True
863,Matthew,Nelson,joshuagarcia@example.org,NY,Lynnville,2024-07-28,Regular,True
864,Jessica,Parker,wdavis@example.net,MI,Andreaville,2024-01-05,Regular,True
865,George,Potts,zwhite@example.net,TX,Woodsberg,2026-03-04,Regular,True
866,Gloria,Reeves,douglasbradley@example.com,PA,Lake Daniellestad,2024-04-05,VIP,True
867,John,Franklin,wwhite@example.com,GA,Joshuachester,2025-08-09,Regular,True
868,Jennifer,Bradshaw,kevinhodge@example.com,GA,Townsendland,2025-01-17,Regular,True
869,Chase,Allen,martinbrian@example.net,TX,Angelafort,2025-05-21,Premium,True
870,Alex,Vaughan,timothyrobertson@example.net,TX,South Alexanderborough,2025-11-28,Regular,True
871,Julie,Klein,john89@example.org,NY,Oconnellhaven,2026-03-20,Premium,True
872,Gregory,Richardson,williefarley@example.com,GA,Graystad,2026-03-12,Regular,True
873,Matthew,Shelton,robertstimothy@example.com,CA,North Joann,2026-05-23,Regular,True
874,Jeff,Torres,wallspatricia@example.com,OH,West Adammouth,2025-03-10,Regular,True
875,Michael,Smith,richardsmith@example.com,GA,Gonzalezhaven,2024-06-20,Regular,False
876,Eric,Martinez,xsmith@example.net,CA,Jeremyfurt,2025-01-10,Premium,True
877,Michael,Mcclain,daniel77@example.org,FL,West Julie,2024-08-09,Regular,False
878,Nicole,Fletcher,lopezbilly@example.com,GA,Mannington,2023-07-03,Regular,False
879,James,Mendoza,david78@example.com,CA,West Karen,2023-12-19,Regular,False
880,Ricardo,Barber,ganderson@example.org,FL,East Maurice,2025-10-28,Regular,True
881,Gabrielle,Williams,russell90@example.com,OH,Robertsfort,2023-07-11,Premium,True
882,Roy,Williamson,johnwang@example.com,PA,Lake Lori,2023-09-25,Regular,True
883,Jasmine,Patrick,jacobbond@example.net,FL,East David,2024-01-30,Premium,True
884,Joshua,Lee,ronaldjensen@example.org,MI,South Richardport,2024-09-08,Regular,True
885,Tina,Walker,gmendoza@example.com,NC,West Danielstad,2025-08-01,Regular,False
886,Michael,Barnes,patty20@example.org,IL,Lake Julieborough,2024-04-29,Regular,True
887,Joshua,Obrien,flopez@example.com,NC,Kevinville,2024-05-04,VIP,True
888,Felicia,Townsend,markfigueroa@example.com,CA,Johnview,2025-06-28,Regular,True
889,Patrick,Eaton,crystalguzman@example.org,PA,East Janet,2024-02-11,VIP,False
890,Charles,Payne,kevin73@example.net,NY,North David,2026-04-05,Premium,True
891,Jennifer,Snow,patricia71@example.com,NY,South Roberthaven,2024-09-26,Premium,True
892,Gary,Hill,keithsosa@example.org,PA,Lake Lisa,2025-11-09,Regular,True
893,Amanda,Palmer,martinkaren@example.com,IL,Moralesview,2024-12-20,Premium,True
894,Adam,Armstrong,suarezkrystal@example.com,CA,Kevinbury,2024-02-08,Premium,False
895,Joseph,Wilson,brandonallen@example.org,CA,West Sara,2024-05-16,Regular,True
896,Krystal,Day,veronicaclark@example.org,OH,Lake Michaelstad,2024-04-18,Regular,True
897,Stacey,Henson,jennifer69@example.com,MI,Tracietown,2024-06-16,Regular,True
898,Jeffrey,Sanford,jonathansmith@example.net,CA,Lake Juliefurt,2025-12-15,Premium,True
899,Jonathan,Sims,lisawalker@example.com,OH,New Crystal,2026-04-27,Premium,True
900,Randall,Griffin,erichardson@example.org,PA,Whiteburgh,2026-01-21,Regular,True
901,Gregory,Hudson,deborahsmith@example.org,FL,Port Phillip,2025-12-06,Regular,True
902,Chad,Jones,spencerbrewer@example.com,IL,Lake Alisontown,2025-04-22,Regular,True
903,Nicholas,Smith,hinesdeanna@example.org,MI,East Kayla,2025-04-17,Premium,True
904,Sheena,Greene,rosariodaniel@example.net,TX,Melissaland,2024-04-15,Regular,True
905,Timothy,Hart,tochoa@example.com,GA,Mooreton,2024-02-03,Regular,False
906,Joseph,Stephens,bryancurtis@example.com,NY,New Oliviachester,2025-02-11,Regular,True
907,Rhonda,Johnson,wcruz@example.net,PA,Jeremiahfurt,2023-11-29,Regular,True
908,Jennifer,Valenzuela,hjackson@example.org,NY,West Michaelmouth,2025-07-18,Premium,True
909,Sandra,Gillespie,munozgregory@example.net,IL,Carolchester,2023-11-03,Regular,True
910,Elizabeth,Turner,michael14@example.com,CA,Sarahland,2023-12-08,Regular,False
911,Michelle,Spence,lukemyers@example.net,NY,Briggsville,2025-11-06,Regular,True
912,Susan,Ramirez,morrisdavid@example.com,FL,Luischester,2025-03-20,Regular,True
913,Teresa,Guzman,devon36@example.com,CA,Ryanfort,2024-12-05,Regular,True
914,Lori,Cruz,xrose@example.net,NY,Lake Christopher,2025-01-30,Regular,True
915,James,Jefferson,angela21@example.org,GA,Michaelberg,2024-07-27,Regular,True
916,Douglas,Castaneda,osanchez@example.org,CA,North Suzanne,2024-05-14,VIP,True
917,Nicholas,Johnson,swatson@example.org,NY,South Maryburgh,2025-08-05,Regular,True
918,Michael,Miller,smithmariah@example.com,CA,Port Ian,2023-07-30,Premium,True
919,Kaitlin,Hale,theodore57@example.net,OH,West Danielton,2025-09-18,Regular,True
920,Antonio,Potter,alexwall@example.net,PA,Spencerview,2026-02-15,Premium,True
921,Warren,Fletcher,rhuynh@example.org,NY,Spenceberg,2026-03-29,Premium,True
922,Richard,Brown,vwhite@example.net,CA,Port Heatherfort,2025-09-17,Regular,True
923,Dawn,Wilcox,brianwatson@example.com,NY,West Daniel,2024-06-03,Regular,True
924,Carrie,Bradford,allenfrancisco@example.org,NY,East Carlaport,2023-09-20,VIP,True
925,James,Hickman,josephdavila@example.net,GA,New Valeriefort,2024-01-18,Premium,True
926,Leonard,Harding,hooperkaren@example.com,CA,West Karen,2023-08-16,Regular,True
927,Terri,Park,riverapeggy@example.net,PA,New Lindseyberg,2025-08-29,Regular,True
928,Laura,Woods,robertsedward@example.com,NY,Lake Christopherbury,2023-07-22,Regular,True
929,Lindsey,Pena,victoriamason@example.net,FL,Sethberg,2026-02-19,Regular,True
930,Michael,Chase,twilliams@example.net,MI,Allenland,2024-07-02,Regular,False
931,Ashley,Gamble,ballarddouglas@example.com,TX,South Clintonmouth,2026-05-11,Premium,True
932,Kenneth,Jones,michael12@example.net,IL,Scottfort,2023-12-29,Regular,True
933,Kathryn,Ramos,shelbybonilla@example.com,FL,West Michelefurt,2026-06-02,Premium,True
934,Christine,Becker,nrichardson@example.com,TX,Christopherchester,2024-09-16,Premium,True
935,Jose,Hutchinson,oliverdawn@example.net,FL,Lake Lori,2025-01-01,Regular,True
936,Melissa,Roberts,ashleynash@example.org,GA,Sawyerland,2023-07-05,Premium,True
937,Taylor,Nichols,lrodriguez@example.net,TX,South Kaylaborough,2024-07-13,VIP,False
938,Caleb,Peterson,vlewis@example.com,NY,West Shawnside,2024-09-08,Regular,True
939,Theodore,Bowman,ashley96@example.org,PA,Kristinefort,2023-12-14,Regular,True
940,Jason,Johnson,onelson@example.org,GA,East Chadfurt,2024-02-15,VIP,True
941,Morgan,Hayes,qwarren@example.com,TX,Port Brian,2023-09-24,Regular,True
942,Roy,Richmond,franklin56@example.com,FL,Nicholsburgh,2026-03-02,Regular,True
943,Samuel,Gaines,jmorrow@example.net,PA,North Jennifer,2026-05-19,Regular,True
944,Duane,Beck,alexis72@example.com,NC,Danielchester,2025-03-21,Premium,True
945,Jennifer,Mcneil,cynthiafowler@example.net,PA,North Jefferyborough,2024-04-09,Regular,True
946,Amy,Martin,nrobinson@example.org,MI,West Lisatown,2024-09-29,Regular,True
947,Kurt,Fuentes,lyonsdeborah@example.com,CA,Jenkinsstad,2024-05-22,Regular,True
948,Ronald,Dickson,daniel27@example.com,NY,Gregoryburgh,2025-12-19,Regular,True
949,Patrick,Bruce,swalters@example.net,CA,North Lindaville,2025-02-10,Regular,True
950,Allen,Randolph,crawfordkaren@example.net,FL,Lake Seanshire,2023-10-03,Regular,True
951,Elizabeth,Christian,jeffreygibson@example.com,PA,East Melissaville,2025-11-25,Regular,True
952,Laura,Marshall,xsmith@example.org,TX,Josephview,2024-07-14,Regular,True
953,Raven,Blankenship,adamstout@example.org,NY,North Ericstad,2024-05-28,Regular,True
954,April,Figueroa,matthew96@example.org,TX,Leefurt,2026-01-02,Regular,False
955,Laurie,Lane,sheilamyers@example.net,NC,South Rebecca,2025-12-20,Regular,True
956,Samuel,Garcia,williamwelch@example.com,IL,Maryburgh,2025-01-13,Regular,True
957,James,Davis,anthonyzimmerman@example.org,IL,Johnsonberg,2026-04-30,Premium,True
958,Cynthia,Strickland,johnhurst@example.com,TX,New Mary,2026-06-07,Regular,True
959,Lindsay,Gray,donna41@example.org,NC,Lake Traciville,2025-08-30,Regular,True
960,Sara,Martinez,justinkline@example.org,MI,South Meganborough,2023-10-26,Premium,True
961,Travis,Johnson,tuckerconnie@example.org,NC,Brooksmouth,2024-08-27,Regular,True
962,Shannon,Martin,alejandro29@example.net,MI,North Theresastad,2025-05-20,Regular,True
963,Christina,Payne,aimeescott@example.org,CA,New Anthony,2024-12-07,Premium,True
964,William,Hernandez,danny30@example.com,CA,East Christopher,2023-07-22,Regular,True
965,David,Hill,stephaniebailey@example.net,TX,Stuartfort,2025-07-23,Premium,True
966,Stacey,Nielsen,gerald46@example.org,TX,Gabrielborough,2024-10-16,Regular,True
967,Tony,Andrade,rcarlson@example.com,NY,New Patrickborough,2026-05-06,Regular,False
968,Nathaniel,Chen,colepamela@example.net,TX,Brendaport,2025-03-09,Regular,False
969,Natalie,Clements,raymond12@example.com,PA,Gibbsstad,2025-04-18,Regular,True
970,Jason,Watson,kimberlymartinez@example.com,OH,Lake Markmouth,2024-03-21,Regular,True
971,Marc,Hall,cruzcarolyn@example.net,OH,North Ann,2025-03-09,Regular,True
972,Sophia,Aguirre,berrydebbie@example.net,TX,Stewartmouth,2025-08-19,Regular,True
973,Brandon,Snyder,mooneyrobert@example.org,TX,Jacksonmouth,2024-01-29,VIP,True
974,Joel,Smith,schneidermelissa@example.org,GA,Mitchellfurt,2025-04-04,Premium,True
975,Amanda,Rose,deanna17@example.org,IL,Cummingsview,2023-08-06,Regular,True
976,Michael,Miller,troy06@example.com,TX,Snyderville,2024-06-08,Regular,True
977,Sharon,Garcia,brandonsmith@example.org,IL,Michellechester,2026-01-05,Premium,True
978,Christopher,Ramsey,lisa80@example.net,OH,West Nicoleton,2024-02-29,Regular,True
979,Stacey,Jones,hailey64@example.net,FL,East Brandy,2023-10-26,Premium,True
980,Luis,Hernandez,qwalsh@example.org,FL,New Timothy,2023-11-05,Regular,False
981,Juan,Barton,qperez@example.com,TX,West Angelicabury,2024-12-14,Regular,True
982,Jill,Harris,jonestroy@example.org,TX,Lake Jasonfurt,2025-06-18,VIP,True
983,Dan,Clark,kathleen47@example.net,PA,Port William,2024-01-18,Premium,True
984,Jeffery,Cox,gparrish@example.org,CA,Lopezview,2026-03-23,Regular,False
985,Gina,Lynn,thomasnancy@example.net,PA,East Allenmouth,2024-10-02,Regular,True
986,Anthony,Stanley,hbell@example.net,NY,West Ryanberg,2024-01-17,Premium,True
987,Ryan,Cook,gnelson@example.org,FL,Dennischester,2024-09-03,Premium,True
988,Jaime,Thompson,alyssa78@example.com,OH,Lake Brendanbury,2024-01-25,Regular,True
989,Jeffrey,Brown,johnstonjohn@example.net,MI,West Jeremyfurt,2026-05-12,Regular,True
990,Craig,Gross,tyler23@example.com,PA,Janiceport,2024-08-29,Regular,True
991,Clinton,Gordon,sstevenson@example.org,PA,West Erin,2025-09-07,Premium,True
992,Martin,Gibson,waderonnie@example.org,IL,West Nicole,2023-12-26,Regular,True
993,Kathleen,Smith,tara90@example.com,PA,South Daniel,2023-12-30,Premium,True
994,Ashley,Mooney,aliciajackson@example.org,OH,North Kevinmouth,2025-12-09,Regular,True
995,Jessica,Fritz,elizabeth45@example.com,FL,Port Michaelmouth,2024-11-03,Regular,True
996,Kim,Vincent,rrodriguez@example.net,CA,East Tiffanybury,2026-02-27,Regular,True
997,Donald,Jimenez,beckydominguez@example.com,GA,Jamieland,2025-06-18,Regular,True
998,Stephanie,Fowler,natalie87@example.net,OH,West Renee,2024-01-25,VIP,True
999,Mark,Lawrence,kyle09@example.net,IL,Maryville,2024-07-12,Regular,False
1000,Spencer,Donaldson,keith07@example.net,CA,South Erin,2024-10-13,Regular,True
